"site","freq","mod","electrode","x","y","amplitude"
"Florida","6Hz","box","E1",86.719831310897,82.7208230943671,0.604547333333333
"Florida","6Hz","box","E2",60.5117564493148,76.717478004812,0.628206666666667
"Florida","6Hz","box","E3",35.2634825458284,69.6677676887961,0.698264666666667
"Florida","6Hz","box","E4",23.6192388587642,58.8318312797812,0.711912666666667
"Florida","6Hz","box","E5",11.4069836172611,43.8485528695707,0.600466
"Florida","6Hz","box","E6",0,28.614,0.498786666666667
"Florida","6Hz","box","E7",-9.06629877496366,11.5485593631021,0.319271333333333
"Florida","6Hz","box","E8",51.097415472918,96.8083637295249,0.5921278
"Florida","6Hz","box","E9",26.8737792539972,88.585411736964,0.664140666666667
"Florida","6Hz","box","E10",16.0697667431522,76.4350039760624,0.710388666666667
"Florida","6Hz","box","E11",0,64.048,0.696234666666667
"Florida","6Hz","box","E12",-11.4069836172611,43.8485528695707,0.553393333333333
"Florida","6Hz","box","E13",-18.7176485153145,25.0067456910559,0.430792
"Florida","6Hz","box","E14",14.1187002915317,105.342066422099,0.5914998
"Florida","6Hz","box","E15",0,90.726,0.6736206
"Florida","6Hz","box","E16",0,79.014,0.708076
"Florida","6Hz","box","E17",0,114.908,0.562589133333333
"Florida","6Hz","box","E18",-16.0697667431522,76.4350039760624,0.723216
"Florida","6Hz","box","E19",-23.6192388587642,58.8318312797812,0.691038666666667
"Florida","6Hz","box","E20",-31.3121246459833,41.9182840077502,0.548274733333333
"Florida","6Hz","box","E21",-14.1187002915317,105.342066422099,0.598189266666667
"Florida","6Hz","box","E22",-26.8737792539972,88.585411736964,0.677412666666667
"Florida","6Hz","box","E23",-35.2634825458284,69.6677676887961,0.690641333333333
"Florida","6Hz","box","E24",-39.5281102525102,53.3724044414846,0.626280666666667
"Florida","6Hz","box","E25",-51.097415472918,96.8083637295249,0.594614
"Florida","6Hz","box","E26",-60.5117564493148,76.717478004812,0.644208
"Florida","6Hz","box","E27",-56.2717346283799,54.0022587112168,0.60881
"Florida","6Hz","box","E28",-50.0298983002845,37.5034658673461,0.510211333333333
"Florida","6Hz","box","E29",-39.6304283909149,22.4510456227002,0.437849466666667
"Florida","6Hz","box","E30",-28.5960902390953,7.43167134886356,0.362522
"Florida","6Hz","box","E31",-14.2590609871468,-4.99065843399723,0.3767938
"Florida","6Hz","box","E32",-86.719831310897,82.7208230943671,0.6025628
"Florida","6Hz","box","E33",-86.5427774390136,55.8179182444255,0.552005533333333
"Florida","6Hz","box","E34",-73.2735964589411,31.8739532843394,0.488836666666667
"Florida","6Hz","box","E35",-58.7070104036568,13.6367088941921,0.386058666666667
"Florida","6Hz","box","E36",-45.139000940819,2.34746545549408,0.336990133333333
"Florida","6Hz","box","E37",-29.3939238752213,-11.4188613800894,0.265544666666667
"Florida","6Hz","box","E38",-111.066561880691,61.2336542760814,0.6207274
"Florida","6Hz","box","E39",-106.979294016482,12.6447944916077,0.506902333333333
"Florida","6Hz","box","E40",-82.0312253490634,0.356499272328901,0.349591733333333
"Florida","6Hz","box","E41",-62.3658981365752,-7.23363018257962,0.277648066666667
"Florida","6Hz","box","E42",-48.4277069849025,-19.0176228846936,0.213562733333333
"Florida","6Hz","box","E43",-132.385776483018,49.089223063604,0.60157
"Florida","6Hz","box","E44",-127.856243406767,23.8953117140088,0.591984533333333
"Florida","6Hz","box","E45",-102.023724252225,-26.0624191069444,0.37871
"Florida","6Hz","box","E46",-77.0757795587277,-24.2279722926707,0.247080533333333
"Florida","6Hz","box","E47",-61.3490707363697,-27.4299165836118,0.1962254
"Florida","6Hz","box","E48",-147.073602828489,55.1905344696692,0.516121333333333
"Florida","6Hz","box","E49",-148.427539841507,9.81951733019121,0.501154133333333
"Florida","6Hz","box","E50",-87.6147402607277,-51.9804690729627,0.36929
"Florida","6Hz","box","E51",-64.3973497966683,-45.8325114211031,0.225123533333333
"Florida","6Hz","box","E52",-49.3286473753904,-38.0293353099208,0.340558466666667
"Florida","6Hz","box","E53",-31.8703858461666,-30.6802729781934,0.416882733333333
"Florida","6Hz","box","E54",-16.3380561246601,-24.5721384105547,0.524714
"Florida","6Hz","box","E55",1.86009153028893e-15,-15.1888,0.573346666666667
"Florida","6Hz","box","E56",-134.514184844694,-53.5568924748948,0.438994
"Florida","6Hz","box","E57",-107.771903337525,-61.2478444600876,0.436323333333333
"Florida","6Hz","box","E58",-72.0824426385969,-68.7392048197634,0.420855133333333
"Florida","6Hz","box","E59",-49.0164711950736,-60.6384229311954,0.567667333333333
"Florida","6Hz","box","E60",-33.5739711579434,-49.4397118183913,0.596169333333333
"Florida","6Hz","box","E61",-17.5616376782163,-41.0535015078989,0.7168824
"Florida","6Hz","box","E62",6.24863782796946e-15,-51.024,1.140602
"Florida","6Hz","box","E63",-111.844618176326,-90.215004411638,0.472330533333333
"Florida","6Hz","box","E64",-82.7166311762146,-89.8591836311575,0.555370333333333
"Florida","6Hz","box","E65",-53.2724548220446,-83.4923179534095,0.791749333333333
"Florida","6Hz","box","E66",-32.9982073155436,-70.0930032026051,0.969907333333333
"Florida","6Hz","box","E67",-14.9843695227892,-59.7435310808167,1.02474266666667
"Florida","6Hz","box","E68",-70.8544927411257,-119.808404222733,0.793044666666667
"Florida","6Hz","box","E69",-50.7971288111611,-109.433046236237,0.941767333333333
"Florida","6Hz","box","E70",-29.8089612459443,-93.6860097636664,1.30747666666667
"Florida","6Hz","box","E71",-12.5941162529112,-75.6650426009803,1.41002113333333
"Florida","6Hz","box","E72",8.04078595384169e-15,-65.658,1.37135666666667
"Florida","6Hz","box","E73",-34.2137515878335,-132.964697639208,1.11588
"Florida","6Hz","box","E74",-15.7052501655887,-118.019611578908,1.36692466666667
"Florida","6Hz","box","E75",1.18239648457677e-14,-96.55,1.71014866666667
"Florida","6Hz","box","E76",12.5941162529112,-75.6650426009803,1.510646
"Florida","6Hz","box","E77",14.9843695227892,-59.7435310808167,1.225574
"Florida","6Hz","box","E78",17.5616376782163,-41.0535015078989,0.899562
"Florida","6Hz","box","E79",16.3380561246601,-24.5721384105547,0.589990666666667
"Florida","6Hz","box","E80",14.2590609871468,-4.99065843399723,0.415209466666667
"Florida","6Hz","box","E81",1.66253150865048e-14,-135.756,1.21355733333333
"Florida","6Hz","box","E82",15.7052501655887,-118.019611578908,1.24970433333333
"Florida","6Hz","box","E83",29.8089612459443,-93.6860097636664,1.3780536
"Florida","6Hz","box","E84",32.9982073155436,-70.0930032026051,1.024556
"Florida","6Hz","box","E85",33.5739711579434,-49.4397118183913,0.747821333333333
"Florida","6Hz","box","E86",31.8703858461666,-30.6802729781934,0.66486
"Florida","6Hz","box","E87",29.3939238752213,-11.4188613800894,0.407444
"Florida","6Hz","box","E88",34.2137515878335,-132.964697639208,0.976412933333333
"Florida","6Hz","box","E89",50.7971288111611,-109.433046236237,0.9153862
"Florida","6Hz","box","E90",53.2724548220446,-83.4923179534095,0.767995733333333
"Florida","6Hz","box","E91",49.0164711950736,-60.6384229311954,0.594101333333333
"Florida","6Hz","box","E92",49.3286473753904,-38.0293353099208,0.500399333333333
"Florida","6Hz","box","E93",48.4277069849025,-19.0176228846936,0.407869733333333
"Florida","6Hz","box","E94",70.8544927411257,-119.808404222733,0.7522068
"Florida","6Hz","box","E95",82.7166311762146,-89.8591836311575,0.5524344
"Florida","6Hz","box","E96",72.0824426385969,-68.7392048197634,0.42467
"Florida","6Hz","box","E97",64.3973497966683,-45.8325114211031,0.379422333333333
"Florida","6Hz","box","E98",61.3490707363697,-27.4299165836118,0.369826733333333
"Florida","6Hz","box","E99",111.844618176326,-90.215004411638,0.506
"Florida","6Hz","box","E100",107.771903337525,-61.2478444600876,0.4089826
"Florida","6Hz","box","E101",87.6147402607277,-51.9804690729627,0.340717
"Florida","6Hz","box","E102",77.0757795587277,-24.2279722926707,0.425992
"Florida","6Hz","box","E103",62.3658981365752,-7.23363018257962,0.393938
"Florida","6Hz","box","E104",45.139000940819,2.34746545549408,0.452182666666667
"Florida","6Hz","box","E105",28.5960902390953,7.43167134886356,0.470246
"Florida","6Hz","box","E106",9.06629877496366,11.5485593631021,0.4541194
"Florida","6Hz","box","E107",134.514184844694,-53.5568924748948,0.430907533333333
"Florida","6Hz","box","E108",102.023724252225,-26.0624191069444,0.3316608
"Florida","6Hz","box","E109",82.0312253490634,0.356499272328901,0.449724
"Florida","6Hz","box","E110",58.7070104036568,13.6367088941921,0.500078666666667
"Florida","6Hz","box","E111",39.6304283909149,22.4510456227002,0.500643333333333
"Florida","6Hz","box","E112",18.7176485153145,25.0067456910559,0.499942666666667
"Florida","6Hz","box","E113",148.427539841507,9.81951733019121,0.463995933333333
"Florida","6Hz","box","E114",127.856243406767,23.8953117140088,0.50958
"Florida","6Hz","box","E115",106.979294016482,12.6447944916077,0.495404866666667
"Florida","6Hz","box","E116",73.2735964589411,31.8739532843394,0.5655144
"Florida","6Hz","box","E117",50.0298983002845,37.5034658673461,0.559285333333333
"Florida","6Hz","box","E118",31.3121246459833,41.9182840077502,0.620411333333333
"Florida","6Hz","box","E119",147.073602828489,55.1905344696692,0.452924666666667
"Florida","6Hz","box","E120",132.385776483018,49.089223063604,0.528778
"Florida","6Hz","box","E121",111.066561880691,61.2336542760814,0.575339333333333
"Florida","6Hz","box","E122",86.5427774390136,55.8179182444255,0.577218666666667
"Florida","6Hz","box","E123",56.2717346283799,54.0022587112168,0.624996
"Florida","6Hz","box","E124",39.5281102525102,53.3724044414846,0.649132
"Florida","6Hz","box","E125",107.29091960617,79.3302648808283,0.571788666666667
"Florida","6Hz","box","E126",71.1683422201787,126.406610434864,0.5680988
"Florida","6Hz","box","E127",-71.1683422201787,126.406610434864,0.558551333333333
"Florida","6Hz","box","E128",-107.29091960617,79.3302648808283,0.597768333333333
"Florida","6Hz","box","Cz",0,0,0.410930666666667
"Florida","6Hz","sine","E1",86.719831310897,82.7208230943671,0.548136
"Florida","6Hz","sine","E2",60.5117564493148,76.717478004812,0.61084
"Florida","6Hz","sine","E3",35.2634825458284,69.6677676887961,0.621572666666667
"Florida","6Hz","sine","E4",23.6192388587642,58.8318312797812,0.556964666666667
"Florida","6Hz","sine","E5",11.4069836172611,43.8485528695707,0.439278666666667
"Florida","6Hz","sine","E6",0,28.614,0.366144066666667
"Florida","6Hz","sine","E7",-9.06629877496366,11.5485593631021,0.25039
"Florida","6Hz","sine","E8",51.097415472918,96.8083637295249,0.594648533333333
"Florida","6Hz","sine","E9",26.8737792539972,88.585411736964,0.658092333333333
"Florida","6Hz","sine","E10",16.0697667431522,76.4350039760624,0.676520066666667
"Florida","6Hz","sine","E11",0,64.048,0.575407666666667
"Florida","6Hz","sine","E12",-11.4069836172611,43.8485528695707,0.417572
"Florida","6Hz","sine","E13",-18.7176485153145,25.0067456910559,0.344371333333333
"Florida","6Hz","sine","E14",14.1187002915317,105.342066422099,0.5985634
"Florida","6Hz","sine","E15",0,90.726,0.6688578
"Florida","6Hz","sine","E16",0,79.014,0.6486027
"Florida","6Hz","sine","E17",0,114.908,0.546324466666667
"Florida","6Hz","sine","E18",-16.0697667431522,76.4350039760624,0.6737646
"Florida","6Hz","sine","E19",-23.6192388587642,58.8318312797812,0.5902572
"Florida","6Hz","sine","E20",-31.3121246459833,41.9182840077502,0.451247333333333
"Florida","6Hz","sine","E21",-14.1187002915317,105.342066422099,0.616520666666667
"Florida","6Hz","sine","E22",-26.8737792539972,88.585411736964,0.671103333333333
"Florida","6Hz","sine","E23",-35.2634825458284,69.6677676887961,0.664249333333333
"Florida","6Hz","sine","E24",-39.5281102525102,53.3724044414846,0.546381
"Florida","6Hz","sine","E25",-51.097415472918,96.8083637295249,0.581431333333333
"Florida","6Hz","sine","E26",-60.5117564493148,76.717478004812,0.619696666666667
"Florida","6Hz","sine","E27",-56.2717346283799,54.0022587112168,0.533192533333333
"Florida","6Hz","sine","E28",-50.0298983002845,37.5034658673461,0.454270733333333
"Florida","6Hz","sine","E29",-39.6304283909149,22.4510456227002,0.356574466666667
"Florida","6Hz","sine","E30",-28.5960902390953,7.43167134886356,0.30728
"Florida","6Hz","sine","E31",-14.2590609871468,-4.99065843399723,0.30128
"Florida","6Hz","sine","E32",-86.719831310897,82.7208230943671,0.537453
"Florida","6Hz","sine","E33",-86.5427774390136,55.8179182444255,0.485790733333333
"Florida","6Hz","sine","E34",-73.2735964589411,31.8739532843394,0.3938926
"Florida","6Hz","sine","E35",-58.7070104036568,13.6367088941921,0.326004933333333
"Florida","6Hz","sine","E36",-45.139000940819,2.34746545549408,0.2752906
"Florida","6Hz","sine","E37",-29.3939238752213,-11.4188613800894,0.2243662
"Florida","6Hz","sine","E38",-111.066561880691,61.2336542760814,0.4797718
"Florida","6Hz","sine","E39",-106.979294016482,12.6447944916077,0.389520266666667
"Florida","6Hz","sine","E40",-82.0312253490634,0.356499272328901,0.268859933333333
"Florida","6Hz","sine","E41",-62.3658981365752,-7.23363018257962,0.2310902
"Florida","6Hz","sine","E42",-48.4277069849025,-19.0176228846936,0.21820024
"Florida","6Hz","sine","E43",-132.385776483018,49.089223063604,0.444517133333333
"Florida","6Hz","sine","E44",-127.856243406767,23.8953117140088,0.431050333333333
"Florida","6Hz","sine","E45",-102.023724252225,-26.0624191069444,0.269445533333333
"Florida","6Hz","sine","E46",-77.0757795587277,-24.2279722926707,0.1928824
"Florida","6Hz","sine","E47",-61.3490707363697,-27.4299165836118,0.177022866666667
"Florida","6Hz","sine","E48",-147.073602828489,55.1905344696692,0.3597846
"Florida","6Hz","sine","E49",-148.427539841507,9.81951733019121,0.3731
"Florida","6Hz","sine","E50",-87.6147402607277,-51.9804690729627,0.261474733333333
"Florida","6Hz","sine","E51",-64.3973497966683,-45.8325114211031,0.202760666666667
"Florida","6Hz","sine","E52",-49.3286473753904,-38.0293353099208,0.3126688
"Florida","6Hz","sine","E53",-31.8703858461666,-30.6802729781934,0.3540856
"Florida","6Hz","sine","E54",-16.3380561246601,-24.5721384105547,0.446668266666667
"Florida","6Hz","sine","E55",1.86009153028893e-15,-15.1888,0.430383333333333
"Florida","6Hz","sine","E56",-134.514184844694,-53.5568924748948,0.301419333333333
"Florida","6Hz","sine","E57",-107.771903337525,-61.2478444600876,0.2873538
"Florida","6Hz","sine","E58",-72.0824426385969,-68.7392048197634,0.330879066666667
"Florida","6Hz","sine","E59",-49.0164711950736,-60.6384229311954,0.458016133333333
"Florida","6Hz","sine","E60",-33.5739711579434,-49.4397118183913,0.511067866666667
"Florida","6Hz","sine","E61",-17.5616376782163,-41.0535015078989,0.624745266666667
"Florida","6Hz","sine","E62",6.24863782796946e-15,-51.024,0.939149733333333
"Florida","6Hz","sine","E63",-111.844618176326,-90.215004411638,0.352614533333333
"Florida","6Hz","sine","E64",-82.7166311762146,-89.8591836311575,0.420989866666667
"Florida","6Hz","sine","E65",-53.2724548220446,-83.4923179534095,0.6397008
"Florida","6Hz","sine","E66",-32.9982073155436,-70.0930032026051,0.802742
"Florida","6Hz","sine","E67",-14.9843695227892,-59.7435310808167,0.827502533333333
"Florida","6Hz","sine","E68",-70.8544927411257,-119.808404222733,0.623076466666667
"Florida","6Hz","sine","E69",-50.7971288111611,-109.433046236237,0.771520666666667
"Florida","6Hz","sine","E70",-29.8089612459443,-93.6860097636664,1.0492124
"Florida","6Hz","sine","E71",-12.5941162529112,-75.6650426009803,1.1615234
"Florida","6Hz","sine","E72",8.04078595384169e-15,-65.658,1.12052286666667
"Florida","6Hz","sine","E73",-34.2137515878335,-132.964697639208,0.946972
"Florida","6Hz","sine","E74",-15.7052501655887,-118.019611578908,1.16250466666667
"Florida","6Hz","sine","E75",1.18239648457677e-14,-96.55,1.441268
"Florida","6Hz","sine","E76",12.5941162529112,-75.6650426009803,1.2233104
"Florida","6Hz","sine","E77",14.9843695227892,-59.7435310808167,1.00459653333333
"Florida","6Hz","sine","E78",17.5616376782163,-41.0535015078989,0.721263333333333
"Florida","6Hz","sine","E79",16.3380561246601,-24.5721384105547,0.454426666666667
"Florida","6Hz","sine","E80",14.2590609871468,-4.99065843399723,0.294528533333333
"Florida","6Hz","sine","E81",1.66253150865048e-14,-135.756,1.025562
"Florida","6Hz","sine","E82",15.7052501655887,-118.019611578908,1.075232
"Florida","6Hz","sine","E83",29.8089612459443,-93.6860097636664,1.16360333333333
"Florida","6Hz","sine","E84",32.9982073155436,-70.0930032026051,0.835194133333333
"Florida","6Hz","sine","E85",33.5739711579434,-49.4397118183913,0.593084266666667
"Florida","6Hz","sine","E86",31.8703858461666,-30.6802729781934,0.512965333333333
"Florida","6Hz","sine","E87",29.3939238752213,-11.4188613800894,0.288269266666667
"Florida","6Hz","sine","E88",34.2137515878335,-132.964697639208,0.842709333333333
"Florida","6Hz","sine","E89",50.7971288111611,-109.433046236237,0.7927622
"Florida","6Hz","sine","E90",53.2724548220446,-83.4923179534095,0.6515282
"Florida","6Hz","sine","E91",49.0164711950736,-60.6384229311954,0.458271666666667
"Florida","6Hz","sine","E92",49.3286473753904,-38.0293353099208,0.365138586666667
"Florida","6Hz","sine","E93",48.4277069849025,-19.0176228846936,0.2674472
"Florida","6Hz","sine","E94",70.8544927411257,-119.808404222733,0.644537333333333
"Florida","6Hz","sine","E95",82.7166311762146,-89.8591836311575,0.453877333333333
"Florida","6Hz","sine","E96",72.0824426385969,-68.7392048197634,0.334121466666667
"Florida","6Hz","sine","E97",64.3973497966683,-45.8325114211031,0.263418533333333
"Florida","6Hz","sine","E98",61.3490707363697,-27.4299165836118,0.233762733333333
"Florida","6Hz","sine","E99",111.844618176326,-90.215004411638,0.438977333333333
"Florida","6Hz","sine","E100",107.771903337525,-61.2478444600876,0.347281333333333
"Florida","6Hz","sine","E101",87.6147402607277,-51.9804690729627,0.269451266666667
"Florida","6Hz","sine","E102",77.0757795587277,-24.2279722926707,0.277967733333333
"Florida","6Hz","sine","E103",62.3658981365752,-7.23363018257962,0.270545333333333
"Florida","6Hz","sine","E104",45.139000940819,2.34746545549408,0.315419333333333
"Florida","6Hz","sine","E105",28.5960902390953,7.43167134886356,0.365965333333333
"Florida","6Hz","sine","E106",9.06629877496366,11.5485593631021,0.357478
"Florida","6Hz","sine","E107",134.514184844694,-53.5568924748948,0.362242
"Florida","6Hz","sine","E108",102.023724252225,-26.0624191069444,0.269885666666667
"Florida","6Hz","sine","E109",82.0312253490634,0.356499272328901,0.343962133333333
"Florida","6Hz","sine","E110",58.7070104036568,13.6367088941921,0.360235133333333
"Florida","6Hz","sine","E111",39.6304283909149,22.4510456227002,0.369188
"Florida","6Hz","sine","E112",18.7176485153145,25.0067456910559,0.391290666666667
"Florida","6Hz","sine","E113",148.427539841507,9.81951733019121,0.389643
"Florida","6Hz","sine","E114",127.856243406767,23.8953117140088,0.452424533333333
"Florida","6Hz","sine","E115",106.979294016482,12.6447944916077,0.415026666666667
"Florida","6Hz","sine","E116",73.2735964589411,31.8739532843394,0.4592816
"Florida","6Hz","sine","E117",50.0298983002845,37.5034658673461,0.434962666666667
"Florida","6Hz","sine","E118",31.3121246459833,41.9182840077502,0.454186666666667
"Florida","6Hz","sine","E119",147.073602828489,55.1905344696692,0.3540186
"Florida","6Hz","sine","E120",132.385776483018,49.089223063604,0.4353748
"Florida","6Hz","sine","E121",111.066561880691,61.2336542760814,0.490669013333333
"Florida","6Hz","sine","E122",86.5427774390136,55.8179182444255,0.504545333333333
"Florida","6Hz","sine","E123",56.2717346283799,54.0022587112168,0.511676666666667
"Florida","6Hz","sine","E124",39.5281102525102,53.3724044414846,0.509023933333333
"Florida","6Hz","sine","E125",107.29091960617,79.3302648808283,0.497177666666667
"Florida","6Hz","sine","E126",71.1683422201787,126.406610434864,0.473219866666667
"Florida","6Hz","sine","E127",-71.1683422201787,126.406610434864,0.4392588
"Florida","6Hz","sine","E128",-107.29091960617,79.3302648808283,0.4669098
"Florida","6Hz","sine","Cz",0,0,0.291595266666667
"Florida","8.57Hz","box","E1",86.719831310897,82.7208230943671,0.528547333333333
"Florida","8.57Hz","box","E2",60.5117564493148,76.717478004812,0.554288066666667
"Florida","8.57Hz","box","E3",35.2634825458284,69.6677676887961,0.6262966
"Florida","8.57Hz","box","E4",23.6192388587642,58.8318312797812,0.623521733333333
"Florida","8.57Hz","box","E5",11.4069836172611,43.8485528695707,0.577168
"Florida","8.57Hz","box","E6",0,28.614,0.484156
"Florida","8.57Hz","box","E7",-9.06629877496366,11.5485593631021,0.3664566
"Florida","8.57Hz","box","E8",51.097415472918,96.8083637295249,0.494567333333333
"Florida","8.57Hz","box","E9",26.8737792539972,88.585411736964,0.570616666666667
"Florida","8.57Hz","box","E10",16.0697667431522,76.4350039760624,0.621079733333333
"Florida","8.57Hz","box","E11",0,64.048,0.618398933333333
"Florida","8.57Hz","box","E12",-11.4069836172611,43.8485528695707,0.514506
"Florida","8.57Hz","box","E13",-18.7176485153145,25.0067456910559,0.447598666666667
"Florida","8.57Hz","box","E14",14.1187002915317,105.342066422099,0.473228333333333
"Florida","8.57Hz","box","E15",0,90.726,0.556964666666667
"Florida","8.57Hz","box","E16",0,79.014,0.617224666666667
"Florida","8.57Hz","box","E17",0,114.908,0.415842066666667
"Florida","8.57Hz","box","E18",-16.0697667431522,76.4350039760624,0.609276
"Florida","8.57Hz","box","E19",-23.6192388587642,58.8318312797812,0.616537333333333
"Florida","8.57Hz","box","E20",-31.3121246459833,41.9182840077502,0.513854066666667
"Florida","8.57Hz","box","E21",-14.1187002915317,105.342066422099,0.466016666666667
"Florida","8.57Hz","box","E22",-26.8737792539972,88.585411736964,0.542172
"Florida","8.57Hz","box","E23",-35.2634825458284,69.6677676887961,0.597512
"Florida","8.57Hz","box","E24",-39.5281102525102,53.3724044414846,0.566757666666667
"Florida","8.57Hz","box","E25",-51.097415472918,96.8083637295249,0.427051466666667
"Florida","8.57Hz","box","E26",-60.5117564493148,76.717478004812,0.493924066666667
"Florida","8.57Hz","box","E27",-56.2717346283799,54.0022587112168,0.537144533333333
"Florida","8.57Hz","box","E28",-50.0298983002845,37.5034658673461,0.486730266666667
"Florida","8.57Hz","box","E29",-39.6304283909149,22.4510456227002,0.425724666666667
"Florida","8.57Hz","box","E30",-28.5960902390953,7.43167134886356,0.379816533333333
"Florida","8.57Hz","box","E31",-14.2590609871468,-4.99065843399723,0.3682502
"Florida","8.57Hz","box","E32",-86.719831310897,82.7208230943671,0.437390666666667
"Florida","8.57Hz","box","E33",-86.5427774390136,55.8179182444255,0.430422666666667
"Florida","8.57Hz","box","E34",-73.2735964589411,31.8739532843394,0.415396933333333
"Florida","8.57Hz","box","E35",-58.7070104036568,13.6367088941921,0.371270533333333
"Florida","8.57Hz","box","E36",-45.139000940819,2.34746545549408,0.333973533333333
"Florida","8.57Hz","box","E37",-29.3939238752213,-11.4188613800894,0.292636
"Florida","8.57Hz","box","E38",-111.066561880691,61.2336542760814,0.4161494
"Florida","8.57Hz","box","E39",-106.979294016482,12.6447944916077,0.3823482
"Florida","8.57Hz","box","E40",-82.0312253490634,0.356499272328901,0.296400733333333
"Florida","8.57Hz","box","E41",-62.3658981365752,-7.23363018257962,0.267272333333333
"Florida","8.57Hz","box","E42",-48.4277069849025,-19.0176228846936,0.250641733333333
"Florida","8.57Hz","box","E43",-132.385776483018,49.089223063604,0.4004116
"Florida","8.57Hz","box","E44",-127.856243406767,23.8953117140088,0.407639733333333
"Florida","8.57Hz","box","E45",-102.023724252225,-26.0624191069444,0.261725
"Florida","8.57Hz","box","E46",-77.0757795587277,-24.2279722926707,0.211003933333333
"Florida","8.57Hz","box","E47",-61.3490707363697,-27.4299165836118,0.220464333333333
"Florida","8.57Hz","box","E48",-147.073602828489,55.1905344696692,0.334186666666667
"Florida","8.57Hz","box","E49",-148.427539841507,9.81951733019121,0.347979866666667
"Florida","8.57Hz","box","E50",-87.6147402607277,-51.9804690729627,0.315879
"Florida","8.57Hz","box","E51",-64.3973497966683,-45.8325114211031,0.210691066666667
"Florida","8.57Hz","box","E52",-49.3286473753904,-38.0293353099208,0.363630066666667
"Florida","8.57Hz","box","E53",-31.8703858461666,-30.6802729781934,0.427816666666667
"Florida","8.57Hz","box","E54",-16.3380561246601,-24.5721384105547,0.461520666666667
"Florida","8.57Hz","box","E55",1.86009153028893e-15,-15.1888,0.4399458
"Florida","8.57Hz","box","E56",-134.514184844694,-53.5568924748948,0.346113466666667
"Florida","8.57Hz","box","E57",-107.771903337525,-61.2478444600876,0.3638764
"Florida","8.57Hz","box","E58",-72.0824426385969,-68.7392048197634,0.417980266666667
"Florida","8.57Hz","box","E59",-49.0164711950736,-60.6384229311954,0.600478
"Florida","8.57Hz","box","E60",-33.5739711579434,-49.4397118183913,0.621498666666667
"Florida","8.57Hz","box","E61",-17.5616376782163,-41.0535015078989,0.632985333333333
"Florida","8.57Hz","box","E62",6.24863782796946e-15,-51.024,0.953214
"Florida","8.57Hz","box","E63",-111.844618176326,-90.215004411638,0.418817866666667
"Florida","8.57Hz","box","E64",-82.7166311762146,-89.8591836311575,0.4752382
"Florida","8.57Hz","box","E65",-53.2724548220446,-83.4923179534095,0.742307333333333
"Florida","8.57Hz","box","E66",-32.9982073155436,-70.0930032026051,0.921914
"Florida","8.57Hz","box","E67",-14.9843695227892,-59.7435310808167,0.922032666666667
"Florida","8.57Hz","box","E68",-70.8544927411257,-119.808404222733,0.66369
"Florida","8.57Hz","box","E69",-50.7971288111611,-109.433046236237,0.782086
"Florida","8.57Hz","box","E70",-29.8089612459443,-93.6860097636664,1.154126
"Florida","8.57Hz","box","E71",-12.5941162529112,-75.6650426009803,1.277574
"Florida","8.57Hz","box","E72",8.04078595384169e-15,-65.658,1.20696
"Florida","8.57Hz","box","E73",-34.2137515878335,-132.964697639208,0.899174666666667
"Florida","8.57Hz","box","E74",-15.7052501655887,-118.019611578908,1.102926
"Florida","8.57Hz","box","E75",1.18239648457677e-14,-96.55,1.45984266666667
"Florida","8.57Hz","box","E76",12.5941162529112,-75.6650426009803,1.38439533333333
"Florida","8.57Hz","box","E77",14.9843695227892,-59.7435310808167,1.08243466666667
"Florida","8.57Hz","box","E78",17.5616376782163,-41.0535015078989,0.70169
"Florida","8.57Hz","box","E79",16.3380561246601,-24.5721384105547,0.441735466666667
"Florida","8.57Hz","box","E80",14.2590609871468,-4.99065843399723,0.349927333333333
"Florida","8.57Hz","box","E81",1.66253150865048e-14,-135.756,0.986615333333333
"Florida","8.57Hz","box","E82",15.7052501655887,-118.019611578908,1.01570733333333
"Florida","8.57Hz","box","E83",29.8089612459443,-93.6860097636664,1.20861133333333
"Florida","8.57Hz","box","E84",32.9982073155436,-70.0930032026051,0.978014666666667
"Florida","8.57Hz","box","E85",33.5739711579434,-49.4397118183913,0.659514666666667
"Florida","8.57Hz","box","E86",31.8703858461666,-30.6802729781934,0.473671333333333
"Florida","8.57Hz","box","E87",29.3939238752213,-11.4188613800894,0.338534666666667
"Florida","8.57Hz","box","E88",34.2137515878335,-132.964697639208,0.814836
"Florida","8.57Hz","box","E89",50.7971288111611,-109.433046236237,0.731843333333333
"Florida","8.57Hz","box","E90",53.2724548220446,-83.4923179534095,0.667706533333333
"Florida","8.57Hz","box","E91",49.0164711950736,-60.6384229311954,0.534742666666667
"Florida","8.57Hz","box","E92",49.3286473753904,-38.0293353099208,0.335427066666667
"Florida","8.57Hz","box","E93",48.4277069849025,-19.0176228846936,0.311794466666667
"Florida","8.57Hz","box","E94",70.8544927411257,-119.808404222733,0.616128
"Florida","8.57Hz","box","E95",82.7166311762146,-89.8591836311575,0.433726
"Florida","8.57Hz","box","E96",72.0824426385969,-68.7392048197634,0.3677928
"Florida","8.57Hz","box","E97",64.3973497966683,-45.8325114211031,0.297317533333333
"Florida","8.57Hz","box","E98",61.3490707363697,-27.4299165836118,0.3043676
"Florida","8.57Hz","box","E99",111.844618176326,-90.215004411638,0.415945733333333
"Florida","8.57Hz","box","E100",107.771903337525,-61.2478444600876,0.330300133333333
"Florida","8.57Hz","box","E101",87.6147402607277,-51.9804690729627,0.3029904
"Florida","8.57Hz","box","E102",77.0757795587277,-24.2279722926707,0.337918533333333
"Florida","8.57Hz","box","E103",62.3658981365752,-7.23363018257962,0.347662933333333
"Florida","8.57Hz","box","E104",45.139000940819,2.34746545549408,0.405509333333333
"Florida","8.57Hz","box","E105",28.5960902390953,7.43167134886356,0.445558666666667
"Florida","8.57Hz","box","E106",9.06629877496366,11.5485593631021,0.426743333333333
"Florida","8.57Hz","box","E107",134.514184844694,-53.5568924748948,0.334118733333333
"Florida","8.57Hz","box","E108",102.023724252225,-26.0624191069444,0.318248193333333
"Florida","8.57Hz","box","E109",82.0312253490634,0.356499272328901,0.4126358
"Florida","8.57Hz","box","E110",58.7070104036568,13.6367088941921,0.455124
"Florida","8.57Hz","box","E111",39.6304283909149,22.4510456227002,0.495704666666667
"Florida","8.57Hz","box","E112",18.7176485153145,25.0067456910559,0.503218666666667
"Florida","8.57Hz","box","E113",148.427539841507,9.81951733019121,0.350975066666667
"Florida","8.57Hz","box","E114",127.856243406767,23.8953117140088,0.455456466666667
"Florida","8.57Hz","box","E115",106.979294016482,12.6447944916077,0.466315333333333
"Florida","8.57Hz","box","E116",73.2735964589411,31.8739532843394,0.523908666666667
"Florida","8.57Hz","box","E117",50.0298983002845,37.5034658673461,0.536400933333333
"Florida","8.57Hz","box","E118",31.3121246459833,41.9182840077502,0.5859596
"Florida","8.57Hz","box","E119",147.073602828489,55.1905344696692,0.336634666666667
"Florida","8.57Hz","box","E120",132.385776483018,49.089223063604,0.4284696
"Florida","8.57Hz","box","E121",111.066561880691,61.2336542760814,0.501664533333333
"Florida","8.57Hz","box","E122",86.5427774390136,55.8179182444255,0.5297012
"Florida","8.57Hz","box","E123",56.2717346283799,54.0022587112168,0.570936
"Florida","8.57Hz","box","E124",39.5281102525102,53.3724044414846,0.591968266666667
"Florida","8.57Hz","box","E125",107.29091960617,79.3302648808283,0.467799266666667
"Florida","8.57Hz","box","E126",71.1683422201787,126.406610434864,0.414550533333333
"Florida","8.57Hz","box","E127",-71.1683422201787,126.406610434864,0.380851733333333
"Florida","8.57Hz","box","E128",-107.29091960617,79.3302648808283,0.409215733333333
"Florida","8.57Hz","box","Cz",0,0,0.3383798
"Florida","8.57Hz","sine","E1",86.719831310897,82.7208230943671,0.451751266666667
"Florida","8.57Hz","sine","E2",60.5117564493148,76.717478004812,0.531004666666667
"Florida","8.57Hz","sine","E3",35.2634825458284,69.6677676887961,0.592314
"Florida","8.57Hz","sine","E4",23.6192388587642,58.8318312797812,0.575624933333333
"Florida","8.57Hz","sine","E5",11.4069836172611,43.8485528695707,0.521219333333333
"Florida","8.57Hz","sine","E6",0,28.614,0.431183666666667
"Florida","8.57Hz","sine","E7",-9.06629877496366,11.5485593631021,0.33626
"Florida","8.57Hz","sine","E8",51.097415472918,96.8083637295249,0.4585
"Florida","8.57Hz","sine","E9",26.8737792539972,88.585411736964,0.525501333333333
"Florida","8.57Hz","sine","E10",16.0697667431522,76.4350039760624,0.583172
"Florida","8.57Hz","sine","E11",0,64.048,0.576224133333333
"Florida","8.57Hz","sine","E12",-11.4069836172611,43.8485528695707,0.453728066666667
"Florida","8.57Hz","sine","E13",-18.7176485153145,25.0067456910559,0.392058666666667
"Florida","8.57Hz","sine","E14",14.1187002915317,105.342066422099,0.454481333333333
"Florida","8.57Hz","sine","E15",0,90.726,0.524530666666667
"Florida","8.57Hz","sine","E16",0,79.014,0.5649
"Florida","8.57Hz","sine","E17",0,114.908,0.407429466666667
"Florida","8.57Hz","sine","E18",-16.0697667431522,76.4350039760624,0.566012
"Florida","8.57Hz","sine","E19",-23.6192388587642,58.8318312797812,0.549176933333333
"Florida","8.57Hz","sine","E20",-31.3121246459833,41.9182840077502,0.454004666666667
"Florida","8.57Hz","sine","E21",-14.1187002915317,105.342066422099,0.4381318
"Florida","8.57Hz","sine","E22",-26.8737792539972,88.585411736964,0.495091333333333
"Florida","8.57Hz","sine","E23",-35.2634825458284,69.6677676887961,0.545893333333333
"Florida","8.57Hz","sine","E24",-39.5281102525102,53.3724044414846,0.489716666666667
"Florida","8.57Hz","sine","E25",-51.097415472918,96.8083637295249,0.40807
"Florida","8.57Hz","sine","E26",-60.5117564493148,76.717478004812,0.448878666666667
"Florida","8.57Hz","sine","E27",-56.2717346283799,54.0022587112168,0.445864
"Florida","8.57Hz","sine","E28",-50.0298983002845,37.5034658673461,0.421675933333333
"Florida","8.57Hz","sine","E29",-39.6304283909149,22.4510456227002,0.356433733333333
"Florida","8.57Hz","sine","E30",-28.5960902390953,7.43167134886356,0.311851333333333
"Florida","8.57Hz","sine","E31",-14.2590609871468,-4.99065843399723,0.3157598
"Florida","8.57Hz","sine","E32",-86.719831310897,82.7208230943671,0.4296616
"Florida","8.57Hz","sine","E33",-86.5427774390136,55.8179182444255,0.3766816
"Florida","8.57Hz","sine","E34",-73.2735964589411,31.8739532843394,0.347555533333333
"Florida","8.57Hz","sine","E35",-58.7070104036568,13.6367088941921,0.309858466666667
"Florida","8.57Hz","sine","E36",-45.139000940819,2.34746545549408,0.272400666666667
"Florida","8.57Hz","sine","E37",-29.3939238752213,-11.4188613800894,0.251142466666667
"Florida","8.57Hz","sine","E38",-111.066561880691,61.2336542760814,0.400616733333333
"Florida","8.57Hz","sine","E39",-106.979294016482,12.6447944916077,0.331408466666667
"Florida","8.57Hz","sine","E40",-82.0312253490634,0.356499272328901,0.251934
"Florida","8.57Hz","sine","E41",-62.3658981365752,-7.23363018257962,0.221579133333333
"Florida","8.57Hz","sine","E42",-48.4277069849025,-19.0176228846936,0.184262733333333
"Florida","8.57Hz","sine","E43",-132.385776483018,49.089223063604,0.390185333333333
"Florida","8.57Hz","sine","E44",-127.856243406767,23.8953117140088,0.349741133333333
"Florida","8.57Hz","sine","E45",-102.023724252225,-26.0624191069444,0.2250438
"Florida","8.57Hz","sine","E46",-77.0757795587277,-24.2279722926707,0.1839612
"Florida","8.57Hz","sine","E47",-61.3490707363697,-27.4299165836118,0.1708144
"Florida","8.57Hz","sine","E48",-147.073602828489,55.1905344696692,0.316782666666667
"Florida","8.57Hz","sine","E49",-148.427539841507,9.81951733019121,0.272894666666667
"Florida","8.57Hz","sine","E50",-87.6147402607277,-51.9804690729627,0.219557
"Florida","8.57Hz","sine","E51",-64.3973497966683,-45.8325114211031,0.182231533333333
"Florida","8.57Hz","sine","E52",-49.3286473753904,-38.0293353099208,0.316887333333333
"Florida","8.57Hz","sine","E53",-31.8703858461666,-30.6802729781934,0.3587624
"Florida","8.57Hz","sine","E54",-16.3380561246601,-24.5721384105547,0.411563333333333
"Florida","8.57Hz","sine","E55",1.86009153028893e-15,-15.1888,0.391987333333333
"Florida","8.57Hz","sine","E56",-134.514184844694,-53.5568924748948,0.2334686
"Florida","8.57Hz","sine","E57",-107.771903337525,-61.2478444600876,0.234252133333333
"Florida","8.57Hz","sine","E58",-72.0824426385969,-68.7392048197634,0.3133964
"Florida","8.57Hz","sine","E59",-49.0164711950736,-60.6384229311954,0.509557333333333
"Florida","8.57Hz","sine","E60",-33.5739711579434,-49.4397118183913,0.547222666666667
"Florida","8.57Hz","sine","E61",-17.5616376782163,-41.0535015078989,0.579468
"Florida","8.57Hz","sine","E62",6.24863782796946e-15,-51.024,0.860905333333333
"Florida","8.57Hz","sine","E63",-111.844618176326,-90.215004411638,0.318262666666667
"Florida","8.57Hz","sine","E64",-82.7166311762146,-89.8591836311575,0.3862212
"Florida","8.57Hz","sine","E65",-53.2724548220446,-83.4923179534095,0.65427
"Florida","8.57Hz","sine","E66",-32.9982073155436,-70.0930032026051,0.798564666666667
"Florida","8.57Hz","sine","E67",-14.9843695227892,-59.7435310808167,0.810292666666667
"Florida","8.57Hz","sine","E68",-70.8544927411257,-119.808404222733,0.561936666666667
"Florida","8.57Hz","sine","E69",-50.7971288111611,-109.433046236237,0.682450666666667
"Florida","8.57Hz","sine","E70",-29.8089612459443,-93.6860097636664,0.977222666666667
"Florida","8.57Hz","sine","E71",-12.5941162529112,-75.6650426009803,1.07395
"Florida","8.57Hz","sine","E72",8.04078595384169e-15,-65.658,1.023096
"Florida","8.57Hz","sine","E73",-34.2137515878335,-132.964697639208,0.775938666666667
"Florida","8.57Hz","sine","E74",-15.7052501655887,-118.019611578908,0.935472666666667
"Florida","8.57Hz","sine","E75",1.18239648457677e-14,-96.55,1.22740133333333
"Florida","8.57Hz","sine","E76",12.5941162529112,-75.6650426009803,1.17960333333333
"Florida","8.57Hz","sine","E77",14.9843695227892,-59.7435310808167,0.939694
"Florida","8.57Hz","sine","E78",17.5616376782163,-41.0535015078989,0.640679466666667
"Florida","8.57Hz","sine","E79",16.3380561246601,-24.5721384105547,0.3882176
"Florida","8.57Hz","sine","E80",14.2590609871468,-4.99065843399723,0.294175333333333
"Florida","8.57Hz","sine","E81",1.66253150865048e-14,-135.756,0.853034666666667
"Florida","8.57Hz","sine","E82",15.7052501655887,-118.019611578908,0.881952
"Florida","8.57Hz","sine","E83",29.8089612459443,-93.6860097636664,1.05014733333333
"Florida","8.57Hz","sine","E84",32.9982073155436,-70.0930032026051,0.892297333333333
"Florida","8.57Hz","sine","E85",33.5739711579434,-49.4397118183913,0.618558
"Florida","8.57Hz","sine","E86",31.8703858461666,-30.6802729781934,0.436161666666667
"Florida","8.57Hz","sine","E87",29.3939238752213,-11.4188613800894,0.315779333333333
"Florida","8.57Hz","sine","E88",34.2137515878335,-132.964697639208,0.718597333333333
"Florida","8.57Hz","sine","E89",50.7971288111611,-109.433046236237,0.664277333333333
"Florida","8.57Hz","sine","E90",53.2724548220446,-83.4923179534095,0.609042133333333
"Florida","8.57Hz","sine","E91",49.0164711950736,-60.6384229311954,0.5210752
"Florida","8.57Hz","sine","E92",49.3286473753904,-38.0293353099208,0.33766982
"Florida","8.57Hz","sine","E93",48.4277069849025,-19.0176228846936,0.232665666666667
"Florida","8.57Hz","sine","E94",70.8544927411257,-119.808404222733,0.548408666666667
"Florida","8.57Hz","sine","E95",82.7166311762146,-89.8591836311575,0.409028666666667
"Florida","8.57Hz","sine","E96",72.0824426385969,-68.7392048197634,0.354668933333333
"Florida","8.57Hz","sine","E97",64.3973497966683,-45.8325114211031,0.266584533333333
"Florida","8.57Hz","sine","E98",61.3490707363697,-27.4299165836118,0.242953
"Florida","8.57Hz","sine","E99",111.844618176326,-90.215004411638,0.351396466666667
"Florida","8.57Hz","sine","E100",107.771903337525,-61.2478444600876,0.240398
"Florida","8.57Hz","sine","E101",87.6147402607277,-51.9804690729627,0.249198133333333
"Florida","8.57Hz","sine","E102",77.0757795587277,-24.2279722926707,0.247912133333333
"Florida","8.57Hz","sine","E103",62.3658981365752,-7.23363018257962,0.2799754
"Florida","8.57Hz","sine","E104",45.139000940819,2.34746545549408,0.319284133333333
"Florida","8.57Hz","sine","E105",28.5960902390953,7.43167134886356,0.372663333333333
"Florida","8.57Hz","sine","E106",9.06629877496366,11.5485593631021,0.351144
"Florida","8.57Hz","sine","E107",134.514184844694,-53.5568924748948,0.305461
"Florida","8.57Hz","sine","E108",102.023724252225,-26.0624191069444,0.245806866666667
"Florida","8.57Hz","sine","E109",82.0312253490634,0.356499272328901,0.3198224
"Florida","8.57Hz","sine","E110",58.7070104036568,13.6367088941921,0.37782
"Florida","8.57Hz","sine","E111",39.6304283909149,22.4510456227002,0.4155364
"Florida","8.57Hz","sine","E112",18.7176485153145,25.0067456910559,0.474402
"Florida","8.57Hz","sine","E113",148.427539841507,9.81951733019121,0.355193
"Florida","8.57Hz","sine","E114",127.856243406767,23.8953117140088,0.3980428
"Florida","8.57Hz","sine","E115",106.979294016482,12.6447944916077,0.4121198
"Florida","8.57Hz","sine","E116",73.2735964589411,31.8739532843394,0.466347333333333
"Florida","8.57Hz","sine","E117",50.0298983002845,37.5034658673461,0.476550133333333
"Florida","8.57Hz","sine","E118",31.3121246459833,41.9182840077502,0.532729866666667
"Florida","8.57Hz","sine","E119",147.073602828489,55.1905344696692,0.325033333333333
"Florida","8.57Hz","sine","E120",132.385776483018,49.089223063604,0.397986066666667
"Florida","8.57Hz","sine","E121",111.066561880691,61.2336542760814,0.445020533333333
"Florida","8.57Hz","sine","E122",86.5427774390136,55.8179182444255,0.482381333333333
"Florida","8.57Hz","sine","E123",56.2717346283799,54.0022587112168,0.528277333333333
"Florida","8.57Hz","sine","E124",39.5281102525102,53.3724044414846,0.534766133333333
"Florida","8.57Hz","sine","E125",107.29091960617,79.3302648808283,0.4171094
"Florida","8.57Hz","sine","E126",71.1683422201787,126.406610434864,0.4026388
"Florida","8.57Hz","sine","E127",-71.1683422201787,126.406610434864,0.3820816
"Florida","8.57Hz","sine","E128",-107.29091960617,79.3302648808283,0.4026436
"Florida","8.57Hz","sine","Cz",0,0,0.28140962
"Florida","15Hz","box","E1",86.719831310897,82.7208230943671,0.1713464
"Florida","15Hz","box","E2",60.5117564493148,76.717478004812,0.172731733333333
"Florida","15Hz","box","E3",35.2634825458284,69.6677676887961,0.1827902
"Florida","15Hz","box","E4",23.6192388587642,58.8318312797812,0.175187866666667
"Florida","15Hz","box","E5",11.4069836172611,43.8485528695707,0.171760466666667
"Florida","15Hz","box","E6",0,28.614,0.157075133333333
"Florida","15Hz","box","E7",-9.06629877496366,11.5485593631021,0.148161866666667
"Florida","15Hz","box","E8",51.097415472918,96.8083637295249,0.160265666666667
"Florida","15Hz","box","E9",26.8737792539972,88.585411736964,0.175173266666667
"Florida","15Hz","box","E10",16.0697667431522,76.4350039760624,0.176603466666667
"Florida","15Hz","box","E11",0,64.048,0.188479866666667
"Florida","15Hz","box","E12",-11.4069836172611,43.8485528695707,0.1700004
"Florida","15Hz","box","E13",-18.7176485153145,25.0067456910559,0.169533866666667
"Florida","15Hz","box","E14",14.1187002915317,105.342066422099,0.15218972
"Florida","15Hz","box","E15",0,90.726,0.1748044
"Florida","15Hz","box","E16",0,79.014,0.193970533333333
"Florida","15Hz","box","E17",0,114.908,0.145558066666667
"Florida","15Hz","box","E18",-16.0697667431522,76.4350039760624,0.194220466666667
"Florida","15Hz","box","E19",-23.6192388587642,58.8318312797812,0.191677266666667
"Florida","15Hz","box","E20",-31.3121246459833,41.9182840077502,0.172412933333333
"Florida","15Hz","box","E21",-14.1187002915317,105.342066422099,0.16067862
"Florida","15Hz","box","E22",-26.8737792539972,88.585411736964,0.196414866666667
"Florida","15Hz","box","E23",-35.2634825458284,69.6677676887961,0.202306066666667
"Florida","15Hz","box","E24",-39.5281102525102,53.3724044414846,0.196729866666667
"Florida","15Hz","box","E25",-51.097415472918,96.8083637295249,0.176396933333333
"Florida","15Hz","box","E26",-60.5117564493148,76.717478004812,0.188604533333333
"Florida","15Hz","box","E27",-56.2717346283799,54.0022587112168,0.189412933333333
"Florida","15Hz","box","E28",-50.0298983002845,37.5034658673461,0.182124666666667
"Florida","15Hz","box","E29",-39.6304283909149,22.4510456227002,0.1576742
"Florida","15Hz","box","E30",-28.5960902390953,7.43167134886356,0.139219133333333
"Florida","15Hz","box","E31",-14.2590609871468,-4.99065843399723,0.153395533333333
"Florida","15Hz","box","E32",-86.719831310897,82.7208230943671,0.192496
"Florida","15Hz","box","E33",-86.5427774390136,55.8179182444255,0.175027933333333
"Florida","15Hz","box","E34",-73.2735964589411,31.8739532843394,0.1681372
"Florida","15Hz","box","E35",-58.7070104036568,13.6367088941921,0.1674776
"Florida","15Hz","box","E36",-45.139000940819,2.34746545549408,0.144811526666667
"Florida","15Hz","box","E37",-29.3939238752213,-11.4188613800894,0.149998333333333
"Florida","15Hz","box","E38",-111.066561880691,61.2336542760814,0.1961024
"Florida","15Hz","box","E39",-106.979294016482,12.6447944916077,0.183262
"Florida","15Hz","box","E40",-82.0312253490634,0.356499272328901,0.155534
"Florida","15Hz","box","E41",-62.3658981365752,-7.23363018257962,0.144715466666667
"Florida","15Hz","box","E42",-48.4277069849025,-19.0176228846936,0.1249638
"Florida","15Hz","box","E43",-132.385776483018,49.089223063604,0.212853733333333
"Florida","15Hz","box","E44",-127.856243406767,23.8953117140088,0.200477466666667
"Florida","15Hz","box","E45",-102.023724252225,-26.0624191069444,0.166040133333333
"Florida","15Hz","box","E46",-77.0757795587277,-24.2279722926707,0.139493
"Florida","15Hz","box","E47",-61.3490707363697,-27.4299165836118,0.126174733333333
"Florida","15Hz","box","E48",-147.073602828489,55.1905344696692,0.183328053333333
"Florida","15Hz","box","E49",-148.427539841507,9.81951733019121,0.188084333333333
"Florida","15Hz","box","E50",-87.6147402607277,-51.9804690729627,0.162620333333333
"Florida","15Hz","box","E51",-64.3973497966683,-45.8325114211031,0.105234933333333
"Florida","15Hz","box","E52",-49.3286473753904,-38.0293353099208,0.136379466666667
"Florida","15Hz","box","E53",-31.8703858461666,-30.6802729781934,0.1442354
"Florida","15Hz","box","E54",-16.3380561246601,-24.5721384105547,0.1899642
"Florida","15Hz","box","E55",1.86009153028893e-15,-15.1888,0.211055266666667
"Florida","15Hz","box","E56",-134.514184844694,-53.5568924748948,0.1899788
"Florida","15Hz","box","E57",-107.771903337525,-61.2478444600876,0.1842656
"Florida","15Hz","box","E58",-72.0824426385969,-68.7392048197634,0.1739914
"Florida","15Hz","box","E59",-49.0164711950736,-60.6384229311954,0.183199733333333
"Florida","15Hz","box","E60",-33.5739711579434,-49.4397118183913,0.208161933333333
"Florida","15Hz","box","E61",-17.5616376782163,-41.0535015078989,0.265624666666667
"Florida","15Hz","box","E62",6.24863782796946e-15,-51.024,0.429874133333333
"Florida","15Hz","box","E63",-111.844618176326,-90.215004411638,0.193957
"Florida","15Hz","box","E64",-82.7166311762146,-89.8591836311575,0.196662266666667
"Florida","15Hz","box","E65",-53.2724548220446,-83.4923179534095,0.2591568
"Florida","15Hz","box","E66",-32.9982073155436,-70.0930032026051,0.3170224
"Florida","15Hz","box","E67",-14.9843695227892,-59.7435310808167,0.378421733333333
"Florida","15Hz","box","E68",-70.8544927411257,-119.808404222733,0.248286533333333
"Florida","15Hz","box","E69",-50.7971288111611,-109.433046236237,0.271591333333333
"Florida","15Hz","box","E70",-29.8089612459443,-93.6860097636664,0.423586266666667
"Florida","15Hz","box","E71",-12.5941162529112,-75.6650426009803,0.5298694
"Florida","15Hz","box","E72",8.04078595384169e-15,-65.658,0.519216533333333
"Florida","15Hz","box","E73",-34.2137515878335,-132.964697639208,0.353557533333333
"Florida","15Hz","box","E74",-15.7052501655887,-118.019611578908,0.422494666666667
"Florida","15Hz","box","E75",1.18239648457677e-14,-96.55,0.611267333333333
"Florida","15Hz","box","E76",12.5941162529112,-75.6650426009803,0.5699944
"Florida","15Hz","box","E77",14.9843695227892,-59.7435310808167,0.49747
"Florida","15Hz","box","E78",17.5616376782163,-41.0535015078989,0.341423266666667
"Florida","15Hz","box","E79",16.3380561246601,-24.5721384105547,0.2377604
"Florida","15Hz","box","E80",14.2590609871468,-4.99065843399723,0.1824092
"Florida","15Hz","box","E81",1.66253150865048e-14,-135.756,0.387622
"Florida","15Hz","box","E82",15.7052501655887,-118.019611578908,0.390794
"Florida","15Hz","box","E83",29.8089612459443,-93.6860097636664,0.501954466666667
"Florida","15Hz","box","E84",32.9982073155436,-70.0930032026051,0.449127066666667
"Florida","15Hz","box","E85",33.5739711579434,-49.4397118183913,0.321199333333333
"Florida","15Hz","box","E86",31.8703858461666,-30.6802729781934,0.261606666666667
"Florida","15Hz","box","E87",29.3939238752213,-11.4188613800894,0.176304333333333
"Florida","15Hz","box","E88",34.2137515878335,-132.964697639208,0.310551933333333
"Florida","15Hz","box","E89",50.7971288111611,-109.433046236237,0.284855466666667
"Florida","15Hz","box","E90",53.2724548220446,-83.4923179534095,0.3589738
"Florida","15Hz","box","E91",49.0164711950736,-60.6384229311954,0.313479
"Florida","15Hz","box","E92",49.3286473753904,-38.0293353099208,0.2200774
"Florida","15Hz","box","E93",48.4277069849025,-19.0176228846936,0.161830933333333
"Florida","15Hz","box","E94",70.8544927411257,-119.808404222733,0.2469502
"Florida","15Hz","box","E95",82.7166311762146,-89.8591836311575,0.2393912
"Florida","15Hz","box","E96",72.0824426385969,-68.7392048197634,0.269502533333333
"Florida","15Hz","box","E97",64.3973497966683,-45.8325114211031,0.230153933333333
"Florida","15Hz","box","E98",61.3490707363697,-27.4299165836118,0.171194733333333
"Florida","15Hz","box","E99",111.844618176326,-90.215004411638,0.223238066666667
"Florida","15Hz","box","E100",107.771903337525,-61.2478444600876,0.20509644
"Florida","15Hz","box","E101",87.6147402607277,-51.9804690729627,0.211908066666667
"Florida","15Hz","box","E102",77.0757795587277,-24.2279722926707,0.180313466666667
"Florida","15Hz","box","E103",62.3658981365752,-7.23363018257962,0.147524933333333
"Florida","15Hz","box","E104",45.139000940819,2.34746545549408,0.159756266666667
"Florida","15Hz","box","E105",28.5960902390953,7.43167134886356,0.166089933333333
"Florida","15Hz","box","E106",9.06629877496366,11.5485593631021,0.1854572
"Florida","15Hz","box","E107",134.514184844694,-53.5568924748948,0.1977528
"Florida","15Hz","box","E108",102.023724252225,-26.0624191069444,0.168161866666667
"Florida","15Hz","box","E109",82.0312253490634,0.356499272328901,0.151514466666667
"Florida","15Hz","box","E110",58.7070104036568,13.6367088941921,0.1500962
"Florida","15Hz","box","E111",39.6304283909149,22.4510456227002,0.14901952
"Florida","15Hz","box","E112",18.7176485153145,25.0067456910559,0.191771
"Florida","15Hz","box","E113",148.427539841507,9.81951733019121,0.209923733333333
"Florida","15Hz","box","E114",127.856243406767,23.8953117140088,0.190151066666667
"Florida","15Hz","box","E115",106.979294016482,12.6447944916077,0.144105386666667
"Florida","15Hz","box","E116",73.2735964589411,31.8739532843394,0.153483
"Florida","15Hz","box","E117",50.0298983002845,37.5034658673461,0.163674666666667
"Florida","15Hz","box","E118",31.3121246459833,41.9182840077502,0.176697533333333
"Florida","15Hz","box","E119",147.073602828489,55.1905344696692,0.188133133333333
"Florida","15Hz","box","E120",132.385776483018,49.089223063604,0.200645333333333
"Florida","15Hz","box","E121",111.066561880691,61.2336542760814,0.181997333333333
"Florida","15Hz","box","E122",86.5427774390136,55.8179182444255,0.1535458
"Florida","15Hz","box","E123",56.2717346283799,54.0022587112168,0.164858866666667
"Florida","15Hz","box","E124",39.5281102525102,53.3724044414846,0.173918933333333
"Florida","15Hz","box","E125",107.29091960617,79.3302648808283,0.1807232
"Florida","15Hz","box","E126",71.1683422201787,126.406610434864,0.193310866666667
"Florida","15Hz","box","E127",-71.1683422201787,126.406610434864,0.194859353333333
"Florida","15Hz","box","E128",-107.29091960617,79.3302648808283,0.197267466666667
"Florida","15Hz","box","Cz",0,0,0.179619666666667
"Florida","15Hz","sine","E1",86.719831310897,82.7208230943671,0.185792466666667
"Florida","15Hz","sine","E2",60.5117564493148,76.717478004812,0.179221733333333
"Florida","15Hz","sine","E3",35.2634825458284,69.6677676887961,0.190731133333333
"Florida","15Hz","sine","E4",23.6192388587642,58.8318312797812,0.1751372
"Florida","15Hz","sine","E5",11.4069836172611,43.8485528695707,0.151182066666667
"Florida","15Hz","sine","E6",0,28.614,0.150149666666667
"Florida","15Hz","sine","E7",-9.06629877496366,11.5485593631021,0.133795866666667
"Florida","15Hz","sine","E8",51.097415472918,96.8083637295249,0.1810922
"Florida","15Hz","sine","E9",26.8737792539972,88.585411736964,0.174005333333333
"Florida","15Hz","sine","E10",16.0697667431522,76.4350039760624,0.180881133333333
"Florida","15Hz","sine","E11",0,64.048,0.169760066666667
"Florida","15Hz","sine","E12",-11.4069836172611,43.8485528695707,0.141280553333333
"Florida","15Hz","sine","E13",-18.7176485153145,25.0067456910559,0.1303864
"Florida","15Hz","sine","E14",14.1187002915317,105.342066422099,0.1528294
"Florida","15Hz","sine","E15",0,90.726,0.174281266666667
"Florida","15Hz","sine","E16",0,79.014,0.175037066666667
"Florida","15Hz","sine","E17",0,114.908,0.15177278
"Florida","15Hz","sine","E18",-16.0697667431522,76.4350039760624,0.1784908
"Florida","15Hz","sine","E19",-23.6192388587642,58.8318312797812,0.164302133333333
"Florida","15Hz","sine","E20",-31.3121246459833,41.9182840077502,0.1376144
"Florida","15Hz","sine","E21",-14.1187002915317,105.342066422099,0.154752533333333
"Florida","15Hz","sine","E22",-26.8737792539972,88.585411736964,0.161243466666667
"Florida","15Hz","sine","E23",-35.2634825458284,69.6677676887961,0.168825333333333
"Florida","15Hz","sine","E24",-39.5281102525102,53.3724044414846,0.155944666666667
"Florida","15Hz","sine","E25",-51.097415472918,96.8083637295249,0.150497933333333
"Florida","15Hz","sine","E26",-60.5117564493148,76.717478004812,0.1599008
"Florida","15Hz","sine","E27",-56.2717346283799,54.0022587112168,0.162333
"Florida","15Hz","sine","E28",-50.0298983002845,37.5034658673461,0.13948896
"Florida","15Hz","sine","E29",-39.6304283909149,22.4510456227002,0.126109866666667
"Florida","15Hz","sine","E30",-28.5960902390953,7.43167134886356,0.1105668
"Florida","15Hz","sine","E31",-14.2590609871468,-4.99065843399723,0.13875664
"Florida","15Hz","sine","E32",-86.719831310897,82.7208230943671,0.166346
"Florida","15Hz","sine","E33",-86.5427774390136,55.8179182444255,0.143553466666667
"Florida","15Hz","sine","E34",-73.2735964589411,31.8739532843394,0.1333744
"Florida","15Hz","sine","E35",-58.7070104036568,13.6367088941921,0.1210332
"Florida","15Hz","sine","E36",-45.139000940819,2.34746545549408,0.1199912
"Florida","15Hz","sine","E37",-29.3939238752213,-11.4188613800894,0.1187672
"Florida","15Hz","sine","E38",-111.066561880691,61.2336542760814,0.17055674
"Florida","15Hz","sine","E39",-106.979294016482,12.6447944916077,0.1356264
"Florida","15Hz","sine","E40",-82.0312253490634,0.356499272328901,0.113321133333333
"Florida","15Hz","sine","E41",-62.3658981365752,-7.23363018257962,0.1133684
"Florida","15Hz","sine","E42",-48.4277069849025,-19.0176228846936,0.1156052
"Florida","15Hz","sine","E43",-132.385776483018,49.089223063604,0.1964204
"Florida","15Hz","sine","E44",-127.856243406767,23.8953117140088,0.173873666666667
"Florida","15Hz","sine","E45",-102.023724252225,-26.0624191069444,0.119412533333333
"Florida","15Hz","sine","E46",-77.0757795587277,-24.2279722926707,0.1177284
"Florida","15Hz","sine","E47",-61.3490707363697,-27.4299165836118,0.112912866666667
"Florida","15Hz","sine","E48",-147.073602828489,55.1905344696692,0.1854456
"Florida","15Hz","sine","E49",-148.427539841507,9.81951733019121,0.1752582
"Florida","15Hz","sine","E50",-87.6147402607277,-51.9804690729627,0.141804
"Florida","15Hz","sine","E51",-64.3973497966683,-45.8325114211031,0.1093806
"Florida","15Hz","sine","E52",-49.3286473753904,-38.0293353099208,0.131255933333333
"Florida","15Hz","sine","E53",-31.8703858461666,-30.6802729781934,0.150334066666667
"Florida","15Hz","sine","E54",-16.3380561246601,-24.5721384105547,0.177816133333333
"Florida","15Hz","sine","E55",1.86009153028893e-15,-15.1888,0.198158333333333
"Florida","15Hz","sine","E56",-134.514184844694,-53.5568924748948,0.178695
"Florida","15Hz","sine","E57",-107.771903337525,-61.2478444600876,0.158731466666667
"Florida","15Hz","sine","E58",-72.0824426385969,-68.7392048197634,0.151140733333333
"Florida","15Hz","sine","E59",-49.0164711950736,-60.6384229311954,0.1612526
"Florida","15Hz","sine","E60",-33.5739711579434,-49.4397118183913,0.195391266666667
"Florida","15Hz","sine","E61",-17.5616376782163,-41.0535015078989,0.248902266666667
"Florida","15Hz","sine","E62",6.24863782796946e-15,-51.024,0.374056933333333
"Florida","15Hz","sine","E63",-111.844618176326,-90.215004411638,0.1798442
"Florida","15Hz","sine","E64",-82.7166311762146,-89.8591836311575,0.181718
"Florida","15Hz","sine","E65",-53.2724548220446,-83.4923179534095,0.2247254
"Florida","15Hz","sine","E66",-32.9982073155436,-70.0930032026051,0.282661333333333
"Florida","15Hz","sine","E67",-14.9843695227892,-59.7435310808167,0.346158466666667
"Florida","15Hz","sine","E68",-70.8544927411257,-119.808404222733,0.247201266666667
"Florida","15Hz","sine","E69",-50.7971288111611,-109.433046236237,0.2572766
"Florida","15Hz","sine","E70",-29.8089612459443,-93.6860097636664,0.390076666666667
"Florida","15Hz","sine","E71",-12.5941162529112,-75.6650426009803,0.484084
"Florida","15Hz","sine","E72",8.04078595384169e-15,-65.658,0.4686784
"Florida","15Hz","sine","E73",-34.2137515878335,-132.964697639208,0.358972866666667
"Florida","15Hz","sine","E74",-15.7052501655887,-118.019611578908,0.395781866666667
"Florida","15Hz","sine","E75",1.18239648457677e-14,-96.55,0.566724666666667
"Florida","15Hz","sine","E76",12.5941162529112,-75.6650426009803,0.521353333333333
"Florida","15Hz","sine","E77",14.9843695227892,-59.7435310808167,0.4405654
"Florida","15Hz","sine","E78",17.5616376782163,-41.0535015078989,0.2805186
"Florida","15Hz","sine","E79",16.3380561246601,-24.5721384105547,0.193342666666667
"Florida","15Hz","sine","E80",14.2590609871468,-4.99065843399723,0.163973866666667
"Florida","15Hz","sine","E81",1.66253150865048e-14,-135.756,0.392194533333333
"Florida","15Hz","sine","E82",15.7052501655887,-118.019611578908,0.387216666666667
"Florida","15Hz","sine","E83",29.8089612459443,-93.6860097636664,0.444677333333333
"Florida","15Hz","sine","E84",32.9982073155436,-70.0930032026051,0.388337333333333
"Florida","15Hz","sine","E85",33.5739711579434,-49.4397118183913,0.2881584
"Florida","15Hz","sine","E86",31.8703858461666,-30.6802729781934,0.2153694
"Florida","15Hz","sine","E87",29.3939238752213,-11.4188613800894,0.1515842
"Florida","15Hz","sine","E88",34.2137515878335,-132.964697639208,0.323456333333333
"Florida","15Hz","sine","E89",50.7971288111611,-109.433046236237,0.256082666666667
"Florida","15Hz","sine","E90",53.2724548220446,-83.4923179534095,0.3212028
"Florida","15Hz","sine","E91",49.0164711950736,-60.6384229311954,0.257060933333333
"Florida","15Hz","sine","E92",49.3286473753904,-38.0293353099208,0.1858364
"Florida","15Hz","sine","E93",48.4277069849025,-19.0176228846936,0.162900133333333
"Florida","15Hz","sine","E94",70.8544927411257,-119.808404222733,0.243387066666667
"Florida","15Hz","sine","E95",82.7166311762146,-89.8591836311575,0.195727833333333
"Florida","15Hz","sine","E96",72.0824426385969,-68.7392048197634,0.2312994
"Florida","15Hz","sine","E97",64.3973497966683,-45.8325114211031,0.2109978
"Florida","15Hz","sine","E98",61.3490707363697,-27.4299165836118,0.1745984
"Florida","15Hz","sine","E99",111.844618176326,-90.215004411638,0.2124916
"Florida","15Hz","sine","E100",107.771903337525,-61.2478444600876,0.190029066666667
"Florida","15Hz","sine","E101",87.6147402607277,-51.9804690729627,0.192832
"Florida","15Hz","sine","E102",77.0757795587277,-24.2279722926707,0.180059466666667
"Florida","15Hz","sine","E103",62.3658981365752,-7.23363018257962,0.1558316
"Florida","15Hz","sine","E104",45.139000940819,2.34746545549408,0.1618852
"Florida","15Hz","sine","E105",28.5960902390953,7.43167134886356,0.169292733333333
"Florida","15Hz","sine","E106",9.06629877496366,11.5485593631021,0.1725182
"Florida","15Hz","sine","E107",134.514184844694,-53.5568924748948,0.204176
"Florida","15Hz","sine","E108",102.023724252225,-26.0624191069444,0.169010533333333
"Florida","15Hz","sine","E109",82.0312253490634,0.356499272328901,0.165870933333333
"Florida","15Hz","sine","E110",58.7070104036568,13.6367088941921,0.169939466666667
"Florida","15Hz","sine","E111",39.6304283909149,22.4510456227002,0.173507466666667
"Florida","15Hz","sine","E112",18.7176485153145,25.0067456910559,0.175040066666667
"Florida","15Hz","sine","E113",148.427539841507,9.81951733019121,0.178167333333333
"Florida","15Hz","sine","E114",127.856243406767,23.8953117140088,0.196376733333333
"Florida","15Hz","sine","E115",106.979294016482,12.6447944916077,0.156274
"Florida","15Hz","sine","E116",73.2735964589411,31.8739532843394,0.162885333333333
"Florida","15Hz","sine","E117",50.0298983002845,37.5034658673461,0.1671082
"Florida","15Hz","sine","E118",31.3121246459833,41.9182840077502,0.168204933333333
"Florida","15Hz","sine","E119",147.073602828489,55.1905344696692,0.162689533333333
"Florida","15Hz","sine","E120",132.385776483018,49.089223063604,0.1919734
"Florida","15Hz","sine","E121",111.066561880691,61.2336542760814,0.179416
"Florida","15Hz","sine","E122",86.5427774390136,55.8179182444255,0.168703266666667
"Florida","15Hz","sine","E123",56.2717346283799,54.0022587112168,0.1736922
"Florida","15Hz","sine","E124",39.5281102525102,53.3724044414846,0.169433666666667
"Florida","15Hz","sine","E125",107.29091960617,79.3302648808283,0.183223133333333
"Florida","15Hz","sine","E126",71.1683422201787,126.406610434864,0.197438133333333
"Florida","15Hz","sine","E127",-71.1683422201787,126.406610434864,0.2059568
"Florida","15Hz","sine","E128",-107.29091960617,79.3302648808283,0.1752828
"Florida","15Hz","sine","Cz",0,0,0.1718018
"Leipzig","6Hz","box","Fp1",-31.5883351989959,97.2188992087232,1.24595844615385
"Leipzig","6Hz","box","AF7",-60.0845840598412,82.6993351989959,0.979058564102564
"Leipzig","6Hz","box","AF3",-34.7485187168438,74.5184388657274,1.41652035897436
"Leipzig","6Hz","box","F1",-20.8116439038144,51.5106262243125,1.8311781025641
"Leipzig","6Hz","box","F3",-41.9542731897285,51.8092126664904,1.70108164102564
"Leipzig","6Hz","box","F5",-62.8929681582845,54.6720231218949,1.14529733333333
"Leipzig","6Hz","box","F7",-82.6993351989959,60.0845840598412,1.12652866666667
"Leipzig","6Hz","box","FT7",-97.2188992087232,31.5883351989959,1.32135353846154
"Leipzig","6Hz","box","FC5",-74.6864341197762,28.669435963624,1.16957533333333
"Leipzig","6Hz","box","FC3",-49.0530364688705,26.081962142133,1.48634703076923
"Leipzig","6Hz","box","FC1",-25.1418887118689,25.1418887118689,1.63100015384615
"Leipzig","6Hz","box","C1",-25.556,1.56485367995049e-15,1.36259917435897
"Leipzig","6Hz","box","C3",-51.112,3.12970735990098e-15,1.20714305128205
"Leipzig","6Hz","box","C5",-76.666,4.69443857517155e-15,1.00502364102564
"Leipzig","6Hz","box","T7",-102.222,6.25929225512204e-15,18.6261328205128
"Leipzig","6Hz","box","TP7",-97.2188992087232,-31.5883351989959,2.04000907692308
"Leipzig","6Hz","box","CP5",-74.6864341197762,-28.669435963624,1.55753
"Leipzig","6Hz","box","CP3",-49.0530364688705,-26.081962142133,1.64076169230769
"Leipzig","6Hz","box","CP1",-25.1418887118689,-25.1418887118689,1.69794261538462
"Leipzig","6Hz","box","P1",-20.8116439038144,-51.5106262243124,5.13503876923077
"Leipzig","6Hz","box","P3",-41.9542731897285,-51.8092126664904,4.83759287179487
"Leipzig","6Hz","box","P5",-62.8929681582845,-54.6720231218949,4.40267897435897
"Leipzig","6Hz","box","P7",-82.6993351989959,-60.0845840598412,4.57141743589744
"Leipzig","6Hz","box","P9",-103.374573507242,-75.1060239674276,4.75985296410256
"Leipzig","6Hz","box","PO7",-60.0845840598412,-82.6993351989959,5.70138348717949
"Leipzig","6Hz","box","PO3",-34.7485187168438,-74.5184388657274,5.16618307692308
"Leipzig","6Hz","box","O1",-31.5883351989959,-97.2188992087232,13.5656051282051
"Leipzig","6Hz","box","Iz",1.5648291870145e-14,-127.778,27.7092758974359
"Leipzig","6Hz","box","Oz",1.25185845102441e-14,-102.222,23.5411794871795
"Leipzig","6Hz","box","POz",9.3888771503431e-15,-76.666,6.78565897435897
"Leipzig","6Hz","box","Pz",6.25941471980195e-15,-51.112,5.57301574358974
"Leipzig","6Hz","box","CPz",3.12970735990098e-15,-25.556,2.30571897435897
"Leipzig","6Hz","box","Fpz",0,102.222,1.34067523076923
"Leipzig","6Hz","box","Fp2",31.5883351989959,97.2188992087232,1.1783006
"Leipzig","6Hz","box","AF8",60.0845840598412,82.6993351989959,1.28519430769231
"Leipzig","6Hz","box","AF4",34.7485187168438,74.5184388657274,1.24437461538462
"Leipzig","6Hz","box","Afz",0,76.666,1.63827353846154
"Leipzig","6Hz","box","Fz",0,51.112,1.70388979487179
"Leipzig","6Hz","box","F2",20.8116439038144,51.5106262243125,1.55516517435897
"Leipzig","6Hz","box","F4",41.9542731897285,51.8092126664904,1.72540723076923
"Leipzig","6Hz","box","F6",62.8929681582845,54.6720231218949,1.46151384615385
"Leipzig","6Hz","box","F8",82.6993351989959,60.0845840598412,1.54770579487179
"Leipzig","6Hz","box","FT8",97.2188992087232,31.5883351989959,1.70787446153846
"Leipzig","6Hz","box","FC6",74.6864341197762,28.669435963624,1.19573358974359
"Leipzig","6Hz","box","FC4",49.0530364688705,26.081962142133,1.27080484102564
"Leipzig","6Hz","box","FC2",25.1418887118689,25.1418887118689,1.51516074358974
"Leipzig","6Hz","box","FCz",0,25.556,1.82432820512821
"Leipzig","6Hz","box","Cz",0,0,1.68221368205128
"Leipzig","6Hz","box","C2",25.556,1.56485367995049e-15,1.32268082051282
"Leipzig","6Hz","box","C4",51.112,3.12970735990098e-15,1.17388118461538
"Leipzig","6Hz","box","C6",76.666,4.69443857517155e-15,1.72437533333333
"Leipzig","6Hz","box","T8",102.222,6.25929225512204e-15,17.8559502564103
"Leipzig","6Hz","box","TP8",97.2188992087232,-31.5883351989959,2.77526164102564
"Leipzig","6Hz","box","CP6",74.6864341197762,-28.669435963624,2.72215123076923
"Leipzig","6Hz","box","CP4",49.0530364688705,-26.081962142133,2.6705242051282
"Leipzig","6Hz","box","CP2",25.1418887118689,-25.1418887118689,2.14911225641026
"Leipzig","6Hz","box","P2",20.8116439038144,-51.5106262243124,5.76768794871795
"Leipzig","6Hz","box","P4",41.9542731897285,-51.8092126664904,6.83560717948718
"Leipzig","6Hz","box","P6",62.8929681582845,-54.6720231218949,7.84675846153846
"Leipzig","6Hz","box","P8",82.6993351989959,-60.0845840598412,8.52778358974359
"Leipzig","6Hz","box","P10",103.374573507242,-75.1060239674276,7.33798569230769
"Leipzig","6Hz","box","PO8",60.0845840598412,-82.6993351989959,12.3757717948718
"Leipzig","6Hz","box","PO4",34.7485187168438,-74.5184388657274,7.71883266666667
"Leipzig","6Hz","box","O2",31.5883351989959,-97.2188992087232,14.6536605128205
"Leipzig","6Hz","sine","Fp1",-31.5883351989959,97.2188992087232,0.939240425641026
"Leipzig","6Hz","sine","AF7",-60.0845840598412,82.6993351989959,0.825999297435898
"Leipzig","6Hz","sine","AF3",-34.7485187168438,74.5184388657274,1.16615917948718
"Leipzig","6Hz","sine","F1",-20.8116439038144,51.5106262243125,1.2458778974359
"Leipzig","6Hz","sine","F3",-41.9542731897285,51.8092126664904,1.33363876923077
"Leipzig","6Hz","sine","F5",-62.8929681582845,54.6720231218949,0.992969846153846
"Leipzig","6Hz","sine","F7",-82.6993351989959,60.0845840598412,1.04852087179487
"Leipzig","6Hz","sine","FT7",-97.2188992087232,31.5883351989959,1.23272882051282
"Leipzig","6Hz","sine","FC5",-74.6864341197762,28.669435963624,1.04223205128205
"Leipzig","6Hz","sine","FC3",-49.0530364688705,26.081962142133,1.12167594871795
"Leipzig","6Hz","sine","FC1",-25.1418887118689,25.1418887118689,1.24516794871795
"Leipzig","6Hz","sine","C1",-25.556,1.56485367995049e-15,1.24282184615385
"Leipzig","6Hz","sine","C3",-51.112,3.12970735990098e-15,1.26266702564103
"Leipzig","6Hz","sine","C5",-76.666,4.69443857517155e-15,1.17288902564103
"Leipzig","6Hz","sine","T7",-102.222,6.25929225512204e-15,13.2536558974359
"Leipzig","6Hz","sine","TP7",-97.2188992087232,-31.5883351989959,1.57224994871795
"Leipzig","6Hz","sine","CP5",-74.6864341197762,-28.669435963624,1.21189175384615
"Leipzig","6Hz","sine","CP3",-49.0530364688705,-26.081962142133,1.45706574358974
"Leipzig","6Hz","sine","CP1",-25.1418887118689,-25.1418887118689,1.30873815384615
"Leipzig","6Hz","sine","P1",-20.8116439038144,-51.5106262243124,3.58739923076923
"Leipzig","6Hz","sine","P3",-41.9542731897285,-51.8092126664904,3.81999630769231
"Leipzig","6Hz","sine","P5",-62.8929681582845,-54.6720231218949,3.15298166666667
"Leipzig","6Hz","sine","P7",-82.6993351989959,-60.0845840598412,2.81418035897436
"Leipzig","6Hz","sine","P9",-103.374573507242,-75.1060239674276,3.17560707692308
"Leipzig","6Hz","sine","PO7",-60.0845840598412,-82.6993351989959,4.0419598974359
"Leipzig","6Hz","sine","PO3",-34.7485187168438,-74.5184388657274,3.95010615384615
"Leipzig","6Hz","sine","O1",-31.5883351989959,-97.2188992087232,9.34120923076923
"Leipzig","6Hz","sine","Iz",1.5648291870145e-14,-127.778,19.6514676923077
"Leipzig","6Hz","sine","Oz",1.25185845102441e-14,-102.222,16.2826405128205
"Leipzig","6Hz","sine","POz",9.3888771503431e-15,-76.666,4.55925487179487
"Leipzig","6Hz","sine","Pz",6.25941471980195e-15,-51.112,3.52119692307692
"Leipzig","6Hz","sine","CPz",3.12970735990098e-15,-25.556,1.39305023076923
"Leipzig","6Hz","sine","Fpz",0,102.222,0.918722769230769
"Leipzig","6Hz","sine","Fp2",31.5883351989959,97.2188992087232,0.913987538461538
"Leipzig","6Hz","sine","AF8",60.0845840598412,82.6993351989959,1.02188526666667
"Leipzig","6Hz","sine","AF4",34.7485187168438,74.5184388657274,1.05815620512821
"Leipzig","6Hz","sine","Afz",0,76.666,1.17833682051282
"Leipzig","6Hz","sine","Fz",0,51.112,1.00168323589744
"Leipzig","6Hz","sine","F2",20.8116439038144,51.5106262243125,1.0795201025641
"Leipzig","6Hz","sine","F4",41.9542731897285,51.8092126664904,1.12509167692308
"Leipzig","6Hz","sine","F6",62.8929681582845,54.6720231218949,1.11600430769231
"Leipzig","6Hz","sine","F8",82.6993351989959,60.0845840598412,1.41811958974359
"Leipzig","6Hz","sine","FT8",97.2188992087232,31.5883351989959,1.44121235897436
"Leipzig","6Hz","sine","FC6",74.6864341197762,28.669435963624,0.847827092307692
"Leipzig","6Hz","sine","FC4",49.0530364688705,26.081962142133,0.93027557948718
"Leipzig","6Hz","sine","FC2",25.1418887118689,25.1418887118689,1.39411225641026
"Leipzig","6Hz","sine","FCz",0,25.556,1.56815271794872
"Leipzig","6Hz","sine","Cz",0,0,1.61019997948718
"Leipzig","6Hz","sine","C2",25.556,1.56485367995049e-15,1.34091943589744
"Leipzig","6Hz","sine","C4",51.112,3.12970735990098e-15,1.13689057948718
"Leipzig","6Hz","sine","C6",76.666,4.69443857517155e-15,1.46827307692308
"Leipzig","6Hz","sine","T8",102.222,6.25929225512204e-15,12.4190594871795
"Leipzig","6Hz","sine","TP8",97.2188992087232,-31.5883351989959,1.77343948717949
"Leipzig","6Hz","sine","CP6",74.6864341197762,-28.669435963624,1.72181122051282
"Leipzig","6Hz","sine","CP4",49.0530364688705,-26.081962142133,1.93040030769231
"Leipzig","6Hz","sine","CP2",25.1418887118689,-25.1418887118689,1.39822271794872
"Leipzig","6Hz","sine","P2",20.8116439038144,-51.5106262243124,3.85431076923077
"Leipzig","6Hz","sine","P4",41.9542731897285,-51.8092126664904,4.96393630769231
"Leipzig","6Hz","sine","P6",62.8929681582845,-54.6720231218949,5.35715097435897
"Leipzig","6Hz","sine","P8",82.6993351989959,-60.0845840598412,5.66523507692308
"Leipzig","6Hz","sine","P10",103.374573507242,-75.1060239674276,5.02992682051282
"Leipzig","6Hz","sine","PO8",60.0845840598412,-82.6993351989959,8.63012461538461
"Leipzig","6Hz","sine","PO4",34.7485187168438,-74.5184388657274,6.03885743589744
"Leipzig","6Hz","sine","O2",31.5883351989959,-97.2188992087232,9.83076358974359
"Leipzig","8.57Hz","box","Fp1",-31.5883351989959,97.2188992087232,0.908787619047619
"Leipzig","8.57Hz","box","AF7",-60.0845840598412,82.6993351989959,0.910218285714286
"Leipzig","8.57Hz","box","AF3",-34.7485187168438,74.5184388657274,0.927128619047619
"Leipzig","8.57Hz","box","F1",-20.8116439038144,51.5106262243125,1.44124133333333
"Leipzig","8.57Hz","box","F3",-41.9542731897285,51.8092126664904,1.36519552380952
"Leipzig","8.57Hz","box","F5",-62.8929681582845,54.6720231218949,0.955694619047619
"Leipzig","8.57Hz","box","F7",-82.6993351989959,60.0845840598412,1.11756366666667
"Leipzig","8.57Hz","box","FT7",-97.2188992087232,31.5883351989959,1.35958652857143
"Leipzig","8.57Hz","box","FC5",-74.6864341197762,28.669435963624,0.8110035
"Leipzig","8.57Hz","box","FC3",-49.0530364688705,26.081962142133,0.942663523809524
"Leipzig","8.57Hz","box","FC1",-25.1418887118689,25.1418887118689,1.28458776190476
"Leipzig","8.57Hz","box","C1",-25.556,1.56485367995049e-15,0.940475523809524
"Leipzig","8.57Hz","box","C3",-51.112,3.12970735990098e-15,0.985161476190476
"Leipzig","8.57Hz","box","C5",-76.666,4.69443857517155e-15,1.23422727619048
"Leipzig","8.57Hz","box","T7",-102.222,6.25929225512204e-15,13.9802352380952
"Leipzig","8.57Hz","box","TP7",-97.2188992087232,-31.5883351989959,1.962864
"Leipzig","8.57Hz","box","CP5",-74.6864341197762,-28.669435963624,1.44114957142857
"Leipzig","8.57Hz","box","CP3",-49.0530364688705,-26.081962142133,1.63327038095238
"Leipzig","8.57Hz","box","CP1",-25.1418887118689,-25.1418887118689,1.67609457142857
"Leipzig","8.57Hz","box","P1",-20.8116439038144,-51.5106262243124,4.83603352380952
"Leipzig","8.57Hz","box","P3",-41.9542731897285,-51.8092126664904,3.94585142857143
"Leipzig","8.57Hz","box","P5",-62.8929681582845,-54.6720231218949,4.6661319047619
"Leipzig","8.57Hz","box","P7",-82.6993351989959,-60.0845840598412,6.31546666666667
"Leipzig","8.57Hz","box","P9",-103.374573507242,-75.1060239674276,6.38350142857143
"Leipzig","8.57Hz","box","PO7",-60.0845840598412,-82.6993351989959,9.15538523809524
"Leipzig","8.57Hz","box","PO3",-34.7485187168438,-74.5184388657274,4.78497666666667
"Leipzig","8.57Hz","box","O1",-31.5883351989959,-97.2188992087232,11.6223866666667
"Leipzig","8.57Hz","box","Iz",1.5648291870145e-14,-127.778,20.3949814285714
"Leipzig","8.57Hz","box","Oz",1.25185845102441e-14,-102.222,17.5511538095238
"Leipzig","8.57Hz","box","POz",9.3888771503431e-15,-76.666,7.38557428571429
"Leipzig","8.57Hz","box","Pz",6.25941471980195e-15,-51.112,6.15457285714286
"Leipzig","8.57Hz","box","CPz",3.12970735990098e-15,-25.556,2.55750538095238
"Leipzig","8.57Hz","box","Fpz",0,102.222,1.06793647619048
"Leipzig","8.57Hz","box","Fp2",31.5883351989959,97.2188992087232,1.10954785714286
"Leipzig","8.57Hz","box","AF8",60.0845840598412,82.6993351989959,1.02269147142857
"Leipzig","8.57Hz","box","AF4",34.7485187168438,74.5184388657274,0.85555489047619
"Leipzig","8.57Hz","box","Afz",0,76.666,1.10188466666667
"Leipzig","8.57Hz","box","Fz",0,51.112,1.47772766666667
"Leipzig","8.57Hz","box","F2",20.8116439038144,51.5106262243125,1.58294638095238
"Leipzig","8.57Hz","box","F4",41.9542731897285,51.8092126664904,1.45308371428571
"Leipzig","8.57Hz","box","F6",62.8929681582845,54.6720231218949,0.839760904761905
"Leipzig","8.57Hz","box","F8",82.6993351989959,60.0845840598412,1.1896100952381
"Leipzig","8.57Hz","box","FT8",97.2188992087232,31.5883351989959,1.47355819047619
"Leipzig","8.57Hz","box","FC6",74.6864341197762,28.669435963624,1.06629157142857
"Leipzig","8.57Hz","box","FC4",49.0530364688705,26.081962142133,1.2660360952381
"Leipzig","8.57Hz","box","FC2",25.1418887118689,25.1418887118689,1.47745541428571
"Leipzig","8.57Hz","box","FCz",0,25.556,1.76110447619048
"Leipzig","8.57Hz","box","Cz",0,0,1.52584555238095
"Leipzig","8.57Hz","box","C2",25.556,1.56485367995049e-15,1.1900090952381
"Leipzig","8.57Hz","box","C4",51.112,3.12970735990098e-15,1.32021635714286
"Leipzig","8.57Hz","box","C6",76.666,4.69443857517155e-15,1.65685119047619
"Leipzig","8.57Hz","box","T8",102.222,6.25929225512204e-15,13.9989185714286
"Leipzig","8.57Hz","box","TP8",97.2188992087232,-31.5883351989959,2.30465380952381
"Leipzig","8.57Hz","box","CP6",74.6864341197762,-28.669435963624,2.14593128571429
"Leipzig","8.57Hz","box","CP4",49.0530364688705,-26.081962142133,2.59977333333333
"Leipzig","8.57Hz","box","CP2",25.1418887118689,-25.1418887118689,2.29919261904762
"Leipzig","8.57Hz","box","P2",20.8116439038144,-51.5106262243124,5.62221571428571
"Leipzig","8.57Hz","box","P4",41.9542731897285,-51.8092126664904,5.44269757142857
"Leipzig","8.57Hz","box","P6",62.8929681582845,-54.6720231218949,6.90448523809524
"Leipzig","8.57Hz","box","P8",82.6993351989959,-60.0845840598412,9.45232666666667
"Leipzig","8.57Hz","box","P10",103.374573507242,-75.1060239674276,8.72580166666667
"Leipzig","8.57Hz","box","PO8",60.0845840598412,-82.6993351989959,13.4438991428571
"Leipzig","8.57Hz","box","PO4",34.7485187168438,-74.5184388657274,6.39105338095238
"Leipzig","8.57Hz","box","O2",31.5883351989959,-97.2188992087232,13.1189519047619
"Leipzig","8.57Hz","sine","Fp1",-31.5883351989959,97.2188992087232,0.826011461904762
"Leipzig","8.57Hz","sine","AF7",-60.0845840598412,82.6993351989959,0.817818561904762
"Leipzig","8.57Hz","sine","AF3",-34.7485187168438,74.5184388657274,0.925154285714286
"Leipzig","8.57Hz","sine","F1",-20.8116439038144,51.5106262243125,1.43428280952381
"Leipzig","8.57Hz","sine","F3",-41.9542731897285,51.8092126664904,1.35329157142857
"Leipzig","8.57Hz","sine","F5",-62.8929681582845,54.6720231218949,0.947219428571429
"Leipzig","8.57Hz","sine","F7",-82.6993351989959,60.0845840598412,0.927259542857143
"Leipzig","8.57Hz","sine","FT7",-97.2188992087232,31.5883351989959,0.810181714285714
"Leipzig","8.57Hz","sine","FC5",-74.6864341197762,28.669435963624,0.738826619047619
"Leipzig","8.57Hz","sine","FC3",-49.0530364688705,26.081962142133,1.061951
"Leipzig","8.57Hz","sine","FC1",-25.1418887118689,25.1418887118689,1.32458595238095
"Leipzig","8.57Hz","sine","C1",-25.556,1.56485367995049e-15,0.8758988
"Leipzig","8.57Hz","sine","C3",-51.112,3.12970735990098e-15,0.932902819047619
"Leipzig","8.57Hz","sine","C5",-76.666,4.69443857517155e-15,0.810625366666667
"Leipzig","8.57Hz","sine","T7",-102.222,6.25929225512204e-15,10.0136719047619
"Leipzig","8.57Hz","sine","TP7",-97.2188992087232,-31.5883351989959,1.59716838095238
"Leipzig","8.57Hz","sine","CP5",-74.6864341197762,-28.669435963624,1.2349679047619
"Leipzig","8.57Hz","sine","CP3",-49.0530364688705,-26.081962142133,1.5195300952381
"Leipzig","8.57Hz","sine","CP1",-25.1418887118689,-25.1418887118689,1.39746452380952
"Leipzig","8.57Hz","sine","P1",-20.8116439038144,-51.5106262243124,3.50766095238095
"Leipzig","8.57Hz","sine","P3",-41.9542731897285,-51.8092126664904,2.93782079047619
"Leipzig","8.57Hz","sine","P5",-62.8929681582845,-54.6720231218949,3.14966619047619
"Leipzig","8.57Hz","sine","P7",-82.6993351989959,-60.0845840598412,4.13377142857143
"Leipzig","8.57Hz","sine","P9",-103.374573507242,-75.1060239674276,4.04673666666667
"Leipzig","8.57Hz","sine","PO7",-60.0845840598412,-82.6993351989959,5.91664904761905
"Leipzig","8.57Hz","sine","PO3",-34.7485187168438,-74.5184388657274,3.40877585714286
"Leipzig","8.57Hz","sine","O1",-31.5883351989959,-97.2188992087232,8.26684952380952
"Leipzig","8.57Hz","sine","Iz",1.5648291870145e-14,-127.778,13.9464942857143
"Leipzig","8.57Hz","sine","Oz",1.25185845102441e-14,-102.222,11.9827447619048
"Leipzig","8.57Hz","sine","POz",9.3888771503431e-15,-76.666,4.71869238095238
"Leipzig","8.57Hz","sine","Pz",6.25941471980195e-15,-51.112,4.19113095238095
"Leipzig","8.57Hz","sine","CPz",3.12970735990098e-15,-25.556,1.67049942857143
"Leipzig","8.57Hz","sine","Fpz",0,102.222,0.980661047619048
"Leipzig","8.57Hz","sine","Fp2",31.5883351989959,97.2188992087232,1.00542942857143
"Leipzig","8.57Hz","sine","AF8",60.0845840598412,82.6993351989959,0.88487919047619
"Leipzig","8.57Hz","sine","AF4",34.7485187168438,74.5184388657274,0.913788571428571
"Leipzig","8.57Hz","sine","Afz",0,76.666,0.958357019047619
"Leipzig","8.57Hz","sine","Fz",0,51.112,1.26154752380952
"Leipzig","8.57Hz","sine","F2",20.8116439038144,51.5106262243125,1.27358942857143
"Leipzig","8.57Hz","sine","F4",41.9542731897285,51.8092126664904,1.26287319047619
"Leipzig","8.57Hz","sine","F6",62.8929681582845,54.6720231218949,1.17857828571429
"Leipzig","8.57Hz","sine","F8",82.6993351989959,60.0845840598412,1.33494685714286
"Leipzig","8.57Hz","sine","FT8",97.2188992087232,31.5883351989959,1.16320276190476
"Leipzig","8.57Hz","sine","FC6",74.6864341197762,28.669435963624,1.02751452380952
"Leipzig","8.57Hz","sine","FC4",49.0530364688705,26.081962142133,1.02789585714286
"Leipzig","8.57Hz","sine","FC2",25.1418887118689,25.1418887118689,1.23660680952381
"Leipzig","8.57Hz","sine","FCz",0,25.556,1.53868034761905
"Leipzig","8.57Hz","sine","Cz",0,0,1.33404438095238
"Leipzig","8.57Hz","sine","C2",25.556,1.56485367995049e-15,0.791737895238095
"Leipzig","8.57Hz","sine","C4",51.112,3.12970735990098e-15,0.879116533333333
"Leipzig","8.57Hz","sine","C6",76.666,4.69443857517155e-15,1.07680906666667
"Leipzig","8.57Hz","sine","T8",102.222,6.25929225512204e-15,10.062780952381
"Leipzig","8.57Hz","sine","TP8",97.2188992087232,-31.5883351989959,1.75279147619048
"Leipzig","8.57Hz","sine","CP6",74.6864341197762,-28.669435963624,1.52733195238095
"Leipzig","8.57Hz","sine","CP4",49.0530364688705,-26.081962142133,1.85835528571429
"Leipzig","8.57Hz","sine","CP2",25.1418887118689,-25.1418887118689,1.49767480952381
"Leipzig","8.57Hz","sine","P2",20.8116439038144,-51.5106262243124,3.9779870952381
"Leipzig","8.57Hz","sine","P4",41.9542731897285,-51.8092126664904,3.96345247619048
"Leipzig","8.57Hz","sine","P6",62.8929681582845,-54.6720231218949,4.54301242857143
"Leipzig","8.57Hz","sine","P8",82.6993351989959,-60.0845840598412,6.0225
"Leipzig","8.57Hz","sine","P10",103.374573507242,-75.1060239674276,5.40175966666667
"Leipzig","8.57Hz","sine","PO8",60.0845840598412,-82.6993351989959,9.06038571428571
"Leipzig","8.57Hz","sine","PO4",34.7485187168438,-74.5184388657274,4.34731571428571
"Leipzig","8.57Hz","sine","O2",31.5883351989959,-97.2188992087232,9.06788666666667
"Leipzig","15Hz","box","Fp1",-31.5883351989959,97.2188992087232,0.813478974358974
"Leipzig","15Hz","box","AF7",-60.0845840598412,82.6993351989959,0.645359548717949
"Leipzig","15Hz","box","AF3",-34.7485187168438,74.5184388657274,0.715755564102564
"Leipzig","15Hz","box","F1",-20.8116439038144,51.5106262243125,0.725894
"Leipzig","15Hz","box","F3",-41.9542731897285,51.8092126664904,0.76589117948718
"Leipzig","15Hz","box","F5",-62.8929681582845,54.6720231218949,0.527316205128205
"Leipzig","15Hz","box","F7",-82.6993351989959,60.0845840598412,0.682413174358974
"Leipzig","15Hz","box","FT7",-97.2188992087232,31.5883351989959,0.868094564102564
"Leipzig","15Hz","box","FC5",-74.6864341197762,28.669435963624,0.468397427692308
"Leipzig","15Hz","box","FC3",-49.0530364688705,26.081962142133,0.603569912820513
"Leipzig","15Hz","box","FC1",-25.1418887118689,25.1418887118689,0.62773882051282
"Leipzig","15Hz","box","C1",-25.556,1.56485367995049e-15,0.504549471794872
"Leipzig","15Hz","box","C3",-51.112,3.12970735990098e-15,0.539874181025641
"Leipzig","15Hz","box","C5",-76.666,4.69443857517155e-15,1.02670307692308
"Leipzig","15Hz","box","T7",-102.222,6.25929225512204e-15,7.67740666666667
"Leipzig","15Hz","box","TP7",-97.2188992087232,-31.5883351989959,1.52855225641026
"Leipzig","15Hz","box","CP5",-74.6864341197762,-28.669435963624,1.05305661538462
"Leipzig","15Hz","box","CP3",-49.0530364688705,-26.081962142133,0.84214
"Leipzig","15Hz","box","CP1",-25.1418887118689,-25.1418887118689,0.751838615384615
"Leipzig","15Hz","box","P1",-20.8116439038144,-51.5106262243124,1.88154420512821
"Leipzig","15Hz","box","P3",-41.9542731897285,-51.8092126664904,2.91170384615385
"Leipzig","15Hz","box","P5",-62.8929681582845,-54.6720231218949,4.45943794871795
"Leipzig","15Hz","box","P7",-82.6993351989959,-60.0845840598412,5.65068923076923
"Leipzig","15Hz","box","P9",-103.374573507242,-75.1060239674276,5.44507538461538
"Leipzig","15Hz","box","PO7",-60.0845840598412,-82.6993351989959,7.57699456410256
"Leipzig","15Hz","box","PO3",-34.7485187168438,-74.5184388657274,4.09423769230769
"Leipzig","15Hz","box","O1",-31.5883351989959,-97.2188992087232,5.33504825641026
"Leipzig","15Hz","box","Iz",1.5648291870145e-14,-127.778,13.9884323076923
"Leipzig","15Hz","box","Oz",1.25185845102441e-14,-102.222,11.5507430769231
"Leipzig","15Hz","box","POz",9.3888771503431e-15,-76.666,4.54454564102564
"Leipzig","15Hz","box","Pz",6.25941471980195e-15,-51.112,1.94669764102564
"Leipzig","15Hz","box","CPz",3.12970735990098e-15,-25.556,0.881462769230769
"Leipzig","15Hz","box","Fpz",0,102.222,0.883874323076923
"Leipzig","15Hz","box","Fp2",31.5883351989959,97.2188992087232,0.762641692307692
"Leipzig","15Hz","box","AF8",60.0845840598412,82.6993351989959,0.75855282051282
"Leipzig","15Hz","box","AF4",34.7485187168438,74.5184388657274,0.571675158974359
"Leipzig","15Hz","box","Afz",0,76.666,0.439816512820513
"Leipzig","15Hz","box","Fz",0,51.112,0.580513430769231
"Leipzig","15Hz","box","F2",20.8116439038144,51.5106262243125,0.565819317948718
"Leipzig","15Hz","box","F4",41.9542731897285,51.8092126664904,0.673473928205128
"Leipzig","15Hz","box","F6",62.8929681582845,54.6720231218949,0.730102887179487
"Leipzig","15Hz","box","F8",82.6993351989959,60.0845840598412,0.800840574358974
"Leipzig","15Hz","box","FT8",97.2188992087232,31.5883351989959,1.16957779487179
"Leipzig","15Hz","box","FC6",74.6864341197762,28.669435963624,0.717030502564103
"Leipzig","15Hz","box","FC4",49.0530364688705,26.081962142133,0.545707733333333
"Leipzig","15Hz","box","FC2",25.1418887118689,25.1418887118689,0.578741133333333
"Leipzig","15Hz","box","FCz",0,25.556,0.666827025641026
"Leipzig","15Hz","box","Cz",0,0,0.573675543589744
"Leipzig","15Hz","box","C2",25.556,1.56485367995049e-15,0.55333637948718
"Leipzig","15Hz","box","C4",51.112,3.12970735990098e-15,0.600241287179487
"Leipzig","15Hz","box","C6",76.666,4.69443857517155e-15,1.38117246153846
"Leipzig","15Hz","box","T8",102.222,6.25929225512204e-15,6.84383035897436
"Leipzig","15Hz","box","TP8",97.2188992087232,-31.5883351989959,1.51488030769231
"Leipzig","15Hz","box","CP6",74.6864341197762,-28.669435963624,1.24072553846154
"Leipzig","15Hz","box","CP4",49.0530364688705,-26.081962142133,1.17817876923077
"Leipzig","15Hz","box","CP2",25.1418887118689,-25.1418887118689,0.910679923076923
"Leipzig","15Hz","box","P2",20.8116439038144,-51.5106262243124,1.96318302564103
"Leipzig","15Hz","box","P4",41.9542731897285,-51.8092126664904,3.01995030769231
"Leipzig","15Hz","box","P6",62.8929681582845,-54.6720231218949,5.89836256410256
"Leipzig","15Hz","box","P8",82.6993351989959,-60.0845840598412,8.24442205128205
"Leipzig","15Hz","box","P10",103.374573507242,-75.1060239674276,7.58775692307692
"Leipzig","15Hz","box","PO8",60.0845840598412,-82.6993351989959,10.4831825641026
"Leipzig","15Hz","box","PO4",34.7485187168438,-74.5184388657274,5.06311692307692
"Leipzig","15Hz","box","O2",31.5883351989959,-97.2188992087232,7.10391076923077
"Leipzig","15Hz","sine","Fp1",-31.5883351989959,97.2188992087232,0.744325282051282
"Leipzig","15Hz","sine","AF7",-60.0845840598412,82.6993351989959,0.672787897435897
"Leipzig","15Hz","sine","AF3",-34.7485187168438,74.5184388657274,0.715933430769231
"Leipzig","15Hz","sine","F1",-20.8116439038144,51.5106262243125,0.552275431794872
"Leipzig","15Hz","sine","F3",-41.9542731897285,51.8092126664904,0.708294666666667
"Leipzig","15Hz","sine","F5",-62.8929681582845,54.6720231218949,0.603437168205128
"Leipzig","15Hz","sine","F7",-82.6993351989959,60.0845840598412,0.800026
"Leipzig","15Hz","sine","FT7",-97.2188992087232,31.5883351989959,0.868207917948718
"Leipzig","15Hz","sine","FC5",-74.6864341197762,28.669435963624,0.710769005128205
"Leipzig","15Hz","sine","FC3",-49.0530364688705,26.081962142133,0.631432358974359
"Leipzig","15Hz","sine","FC1",-25.1418887118689,25.1418887118689,0.519214620512821
"Leipzig","15Hz","sine","C1",-25.556,1.56485367995049e-15,0.528902092307692
"Leipzig","15Hz","sine","C3",-51.112,3.12970735990098e-15,0.569587128205128
"Leipzig","15Hz","sine","C5",-76.666,4.69443857517155e-15,0.955037076923077
"Leipzig","15Hz","sine","T7",-102.222,6.25929225512204e-15,7.77661692307692
"Leipzig","15Hz","sine","TP7",-97.2188992087232,-31.5883351989959,1.28843278974359
"Leipzig","15Hz","sine","CP5",-74.6864341197762,-28.669435963624,1.09658743589744
"Leipzig","15Hz","sine","CP3",-49.0530364688705,-26.081962142133,0.934710923076923
"Leipzig","15Hz","sine","CP1",-25.1418887118689,-25.1418887118689,0.631969230769231
"Leipzig","15Hz","sine","P1",-20.8116439038144,-51.5106262243124,1.60981930769231
"Leipzig","15Hz","sine","P3",-41.9542731897285,-51.8092126664904,2.69474425641026
"Leipzig","15Hz","sine","P5",-62.8929681582845,-54.6720231218949,4.11604666666667
"Leipzig","15Hz","sine","P7",-82.6993351989959,-60.0845840598412,5.15840974358974
"Leipzig","15Hz","sine","P9",-103.374573507242,-75.1060239674276,4.94666307692308
"Leipzig","15Hz","sine","PO7",-60.0845840598412,-82.6993351989959,7.04681743589744
"Leipzig","15Hz","sine","PO3",-34.7485187168438,-74.5184388657274,3.88761046153846
"Leipzig","15Hz","sine","O1",-31.5883351989959,-97.2188992087232,5.83682215384615
"Leipzig","15Hz","sine","Iz",1.5648291870145e-14,-127.778,14.0304635897436
"Leipzig","15Hz","sine","Oz",1.25185845102441e-14,-102.222,11.5182374358974
"Leipzig","15Hz","sine","POz",9.3888771503431e-15,-76.666,4.39994
"Leipzig","15Hz","sine","Pz",6.25941471980195e-15,-51.112,1.63787312820513
"Leipzig","15Hz","sine","CPz",3.12970735990098e-15,-25.556,0.796975630769231
"Leipzig","15Hz","sine","Fpz",0,102.222,0.711124512820513
"Leipzig","15Hz","sine","Fp2",31.5883351989959,97.2188992087232,0.738974102564103
"Leipzig","15Hz","sine","AF8",60.0845840598412,82.6993351989959,0.781146564102564
"Leipzig","15Hz","sine","AF4",34.7485187168438,74.5184388657274,0.487564461538462
"Leipzig","15Hz","sine","Afz",0,76.666,0.515142584615385
"Leipzig","15Hz","sine","Fz",0,51.112,0.359009497435897
"Leipzig","15Hz","sine","F2",20.8116439038144,51.5106262243125,0.556858564102564
"Leipzig","15Hz","sine","F4",41.9542731897285,51.8092126664904,0.722952461538462
"Leipzig","15Hz","sine","F6",62.8929681582845,54.6720231218949,0.536689553846154
"Leipzig","15Hz","sine","F8",82.6993351989959,60.0845840598412,0.843132051282051
"Leipzig","15Hz","sine","FT8",97.2188992087232,31.5883351989959,1.14472594871795
"Leipzig","15Hz","sine","FC6",74.6864341197762,28.669435963624,0.589289435897436
"Leipzig","15Hz","sine","FC4",49.0530364688705,26.081962142133,0.830345117948718
"Leipzig","15Hz","sine","FC2",25.1418887118689,25.1418887118689,0.577736338461538
"Leipzig","15Hz","sine","FCz",0,25.556,0.446082933333333
"Leipzig","15Hz","sine","Cz",0,0,0.564395728205128
"Leipzig","15Hz","sine","C2",25.556,1.56485367995049e-15,0.62931381025641
"Leipzig","15Hz","sine","C4",51.112,3.12970735990098e-15,0.542295302564103
"Leipzig","15Hz","sine","C6",76.666,4.69443857517155e-15,1.21648184102564
"Leipzig","15Hz","sine","T8",102.222,6.25929225512204e-15,6.52666533333333
"Leipzig","15Hz","sine","TP8",97.2188992087232,-31.5883351989959,1.58509151282051
"Leipzig","15Hz","sine","CP6",74.6864341197762,-28.669435963624,1.11842943589744
"Leipzig","15Hz","sine","CP4",49.0530364688705,-26.081962142133,1.06055287179487
"Leipzig","15Hz","sine","CP2",25.1418887118689,-25.1418887118689,0.915819538461538
"Leipzig","15Hz","sine","P2",20.8116439038144,-51.5106262243124,1.69748338461538
"Leipzig","15Hz","sine","P4",41.9542731897285,-51.8092126664904,2.73931225641026
"Leipzig","15Hz","sine","P6",62.8929681582845,-54.6720231218949,5.60597025641026
"Leipzig","15Hz","sine","P8",82.6993351989959,-60.0845840598412,7.88341743589744
"Leipzig","15Hz","sine","P10",103.374573507242,-75.1060239674276,7.09309076923077
"Leipzig","15Hz","sine","PO8",60.0845840598412,-82.6993351989959,9.70730051282051
"Leipzig","15Hz","sine","PO4",34.7485187168438,-74.5184388657274,4.88938456410256
"Leipzig","15Hz","sine","O2",31.5883351989959,-97.2188992087232,6.64030728205128
