"lab","freq","mod","electrode","x","y","amplitude"
"Florida","6Hz","square","E1",86.719831310897,82.7208230943671,2.23793133333333
"Florida","6Hz","square","E2",60.5117564493148,76.717478004812,1.922616
"Florida","6Hz","square","E3",35.2634825458284,69.6677676887961,2.781348
"Florida","6Hz","square","E4",23.6192388587642,58.8318312797812,2.829876
"Florida","6Hz","square","E5",11.4069836172611,43.8485528695707,2.04446766666667
"Florida","6Hz","square","E6",0,28.614,2.47539606666667
"Florida","6Hz","square","E7",-9.06629877496366,11.5485593631021,3.17470666666667
"Florida","6Hz","square","E8",51.097415472918,96.8083637295249,2.51701733333333
"Florida","6Hz","square","E9",26.8737792539972,88.585411736964,2.413478
"Florida","6Hz","square","E10",16.0697667431522,76.4350039760624,2.466802
"Florida","6Hz","square","E11",0,64.048,2.42287533333333
"Florida","6Hz","square","E12",-11.4069836172611,43.8485528695707,2.80254533333333
"Florida","6Hz","square","E13",-18.7176485153145,25.0067456910559,2.29935846666667
"Florida","6Hz","square","E14",14.1187002915317,105.342066422099,3.32629066666667
"Florida","6Hz","square","E15",0,90.726,2.278818
"Florida","6Hz","square","E16",0,79.014,2.466492
"Florida","6Hz","square","E17",0,114.908,3.34808533333333
"Florida","6Hz","square","E18",-16.0697667431522,76.4350039760624,2.80504666666667
"Florida","6Hz","square","E19",-23.6192388587642,58.8318312797812,2.58774266666667
"Florida","6Hz","square","E20",-31.3121246459833,41.9182840077502,2.04092733333333
"Florida","6Hz","square","E21",-14.1187002915317,105.342066422099,3.240498
"Florida","6Hz","square","E22",-26.8737792539972,88.585411736964,2.92522533333333
"Florida","6Hz","square","E23",-35.2634825458284,69.6677676887961,2.95878733333333
"Florida","6Hz","square","E24",-39.5281102525102,53.3724044414846,2.42784173333333
"Florida","6Hz","square","E25",-51.097415472918,96.8083637295249,2.89848666666667
"Florida","6Hz","square","E26",-60.5117564493148,76.717478004812,2.06042933333333
"Florida","6Hz","square","E27",-56.2717346283799,54.0022587112168,2.109322
"Florida","6Hz","square","E28",-50.0298983002845,37.5034658673461,1.437204
"Florida","6Hz","square","E29",-39.6304283909149,22.4510456227002,2.290174
"Florida","6Hz","square","E30",-28.5960902390953,7.43167134886356,3.90847266666667
"Florida","6Hz","square","E31",-14.2590609871468,-4.99065843399723,3.442024
"Florida","6Hz","square","E32",-86.719831310897,82.7208230943671,2.203626
"Florida","6Hz","square","E33",-86.5427774390136,55.8179182444255,2.147894
"Florida","6Hz","square","E34",-73.2735964589411,31.8739532843394,1.266874
"Florida","6Hz","square","E35",-58.7070104036568,13.6367088941921,1.352474
"Florida","6Hz","square","E36",-45.139000940819,2.34746545549408,3.44468466666667
"Florida","6Hz","square","E37",-29.3939238752213,-11.4188613800894,3.73839133333333
"Florida","6Hz","square","E38",-111.066561880691,61.2336542760814,2.83991206666667
"Florida","6Hz","square","E39",-106.979294016482,12.6447944916077,2.40118866666667
"Florida","6Hz","square","E40",-82.0312253490634,0.356499272328901,1.5646064
"Florida","6Hz","square","E41",-62.3658981365752,-7.23363018257962,2.062024
"Florida","6Hz","square","E42",-48.4277069849025,-19.0176228846936,3.16072533333333
"Florida","6Hz","square","E43",-132.385776483018,49.089223063604,4.79967333333333
"Florida","6Hz","square","E44",-127.856243406767,23.8953117140088,3.49735933333333
"Florida","6Hz","square","E45",-102.023724252225,-26.0624191069444,2.705776
"Florida","6Hz","square","E46",-77.0757795587277,-24.2279722926707,2.009292
"Florida","6Hz","square","E47",-61.3490707363697,-27.4299165836118,2.572132
"Florida","6Hz","square","E48",-147.073602828489,55.1905344696692,6.6581
"Florida","6Hz","square","E49",-148.427539841507,9.81951733019121,5.31816133333333
"Florida","6Hz","square","E50",-87.6147402607277,-51.9804690729627,3.36787333333333
"Florida","6Hz","square","E51",-64.3973497966683,-45.8325114211031,4.198348
"Florida","6Hz","square","E52",-49.3286473753904,-38.0293353099208,3.61581933333333
"Florida","6Hz","square","E53",-31.8703858461666,-30.6802729781934,4.876926
"Florida","6Hz","square","E54",-16.3380561246601,-24.5721384105547,4.900706
"Florida","6Hz","square","E55",1.86009153028893e-15,-15.1888,6.99295066666667
"Florida","6Hz","square","E56",-134.514184844694,-53.5568924748948,4.81553733333333
"Florida","6Hz","square","E57",-107.771903337525,-61.2478444600876,3.17965933333333
"Florida","6Hz","square","E58",-72.0824426385969,-68.7392048197634,4.6417
"Florida","6Hz","square","E59",-49.0164711950736,-60.6384229311954,5.1277
"Florida","6Hz","square","E60",-33.5739711579434,-49.4397118183913,5.62667133333333
"Florida","6Hz","square","E61",-17.5616376782163,-41.0535015078989,5.27864466666667
"Florida","6Hz","square","E62",6.24863782796946e-15,-51.024,9.61110666666667
"Florida","6Hz","square","E63",-111.844618176326,-90.215004411638,5.898596
"Florida","6Hz","square","E64",-82.7166311762146,-89.8591836311575,3.935508
"Florida","6Hz","square","E65",-53.2724548220446,-83.4923179534095,5.95074
"Florida","6Hz","square","E66",-32.9982073155436,-70.0930032026051,5.950578
"Florida","6Hz","square","E67",-14.9843695227892,-59.7435310808167,6.495658
"Florida","6Hz","square","E68",-70.8544927411257,-119.808404222733,5.985158
"Florida","6Hz","square","E69",-50.7971288111611,-109.433046236237,4.13453
"Florida","6Hz","square","E70",-29.8089612459443,-93.6860097636664,7.80271333333333
"Florida","6Hz","square","E71",-12.5941162529112,-75.6650426009803,9.73029333333333
"Florida","6Hz","square","E72",8.04078595384169e-15,-65.658,11.7657133333333
"Florida","6Hz","square","E73",-34.2137515878335,-132.964697639208,8.11812
"Florida","6Hz","square","E74",-15.7052501655887,-118.019611578908,7.62783333333333
"Florida","6Hz","square","E75",1.18239648457677e-14,-96.55,15.617214
"Florida","6Hz","square","E76",12.5941162529112,-75.6650426009803,12.4378666666667
"Florida","6Hz","square","E77",14.9843695227892,-59.7435310808167,12.3125733333333
"Florida","6Hz","square","E78",17.5616376782163,-41.0535015078989,6.45448
"Florida","6Hz","square","E79",16.3380561246601,-24.5721384105547,4.73205866666667
"Florida","6Hz","square","E80",14.2590609871468,-4.99065843399723,2.96994
"Florida","6Hz","square","E81",1.66253150865048e-14,-135.756,7.71262666666667
"Florida","6Hz","square","E82",15.7052501655887,-118.019611578908,6.83138666666667
"Florida","6Hz","square","E83",29.8089612459443,-93.6860097636664,9.91644533333333
"Florida","6Hz","square","E84",32.9982073155436,-70.0930032026051,8.3284
"Florida","6Hz","square","E85",33.5739711579434,-49.4397118183913,6.39680533333333
"Florida","6Hz","square","E86",31.8703858461666,-30.6802729781934,5.70065
"Florida","6Hz","square","E87",29.3939238752213,-11.4188613800894,4.20880666666667
"Florida","6Hz","square","E88",34.2137515878335,-132.964697639208,5.471974
"Florida","6Hz","square","E89",50.7971288111611,-109.433046236237,3.80742466666667
"Florida","6Hz","square","E90",53.2724548220446,-83.4923179534095,6.09187266666667
"Florida","6Hz","square","E91",49.0164711950736,-60.6384229311954,8.111634
"Florida","6Hz","square","E92",49.3286473753904,-38.0293353099208,4.65928666666667
"Florida","6Hz","square","E93",48.4277069849025,-19.0176228846936,3.14715466666667
"Florida","6Hz","square","E94",70.8544927411257,-119.808404222733,5.65038133333333
"Florida","6Hz","square","E95",82.7166311762146,-89.8591836311575,3.640692
"Florida","6Hz","square","E96",72.0824426385969,-68.7392048197634,7.12419733333333
"Florida","6Hz","square","E97",64.3973497966683,-45.8325114211031,4.47132
"Florida","6Hz","square","E98",61.3490707363697,-27.4299165836118,3.299104
"Florida","6Hz","square","E99",111.844618176326,-90.215004411638,6.41214066666667
"Florida","6Hz","square","E100",107.771903337525,-61.2478444600876,3.54701533333333
"Florida","6Hz","square","E101",87.6147402607277,-51.9804690729627,3.70338133333333
"Florida","6Hz","square","E102",77.0757795587277,-24.2279722926707,3.695106
"Florida","6Hz","square","E103",62.3658981365752,-7.23363018257962,2.21236266666667
"Florida","6Hz","square","E104",45.139000940819,2.34746545549408,3.89215266666667
"Florida","6Hz","square","E105",28.5960902390953,7.43167134886356,3.963204
"Florida","6Hz","square","E106",9.06629877496366,11.5485593631021,4.111416
"Florida","6Hz","square","E107",134.514184844694,-53.5568924748948,5.55055333333333
"Florida","6Hz","square","E108",102.023724252225,-26.0624191069444,3.24529333333333
"Florida","6Hz","square","E109",82.0312253490634,0.356499272328901,3.34178933333333
"Florida","6Hz","square","E110",58.7070104036568,13.6367088941921,1.70513533333333
"Florida","6Hz","square","E111",39.6304283909149,22.4510456227002,2.24061466666667
"Florida","6Hz","square","E112",18.7176485153145,25.0067456910559,3.49987666666667
"Florida","6Hz","square","E113",148.427539841507,9.81951733019121,6.30609333333333
"Florida","6Hz","square","E114",127.856243406767,23.8953117140088,3.92111333333333
"Florida","6Hz","square","E115",106.979294016482,12.6447944916077,3.1654706
"Florida","6Hz","square","E116",73.2735964589411,31.8739532843394,2.56317
"Florida","6Hz","square","E117",50.0298983002845,37.5034658673461,2.01318133333333
"Florida","6Hz","square","E118",31.3121246459833,41.9182840077502,2.028458
"Florida","6Hz","square","E119",147.073602828489,55.1905344696692,5.86401333333333
"Florida","6Hz","square","E120",132.385776483018,49.089223063604,4.57140333333333
"Florida","6Hz","square","E121",111.066561880691,61.2336542760814,2.60062133333333
"Florida","6Hz","square","E122",86.5427774390136,55.8179182444255,1.95364266666667
"Florida","6Hz","square","E123",56.2717346283799,54.0022587112168,2.24729866666667
"Florida","6Hz","square","E124",39.5281102525102,53.3724044414846,2.406588
"Florida","6Hz","square","E125",107.29091960617,79.3302648808283,3.232334
"Florida","6Hz","square","E126",71.1683422201787,126.406610434864,4.84224666666667
"Florida","6Hz","square","E127",-71.1683422201787,126.406610434864,4.80908133333333
"Florida","6Hz","square","E128",-107.29091960617,79.3302648808283,3.29738666666667
"Florida","6Hz","square","Cz",0,0,5.723866
"Florida","6Hz","sine","E1",86.719831310897,82.7208230943671,1.93089533333333
"Florida","6Hz","sine","E2",60.5117564493148,76.717478004812,2.435678
"Florida","6Hz","sine","E3",35.2634825458284,69.6677676887961,2.48541133333333
"Florida","6Hz","sine","E4",23.6192388587642,58.8318312797812,1.867382
"Florida","6Hz","sine","E5",11.4069836172611,43.8485528695707,1.69315266666667
"Florida","6Hz","sine","E6",0,28.614,2.39795813333333
"Florida","6Hz","sine","E7",-9.06629877496366,11.5485593631021,2.21021466666667
"Florida","6Hz","sine","E8",51.097415472918,96.8083637295249,2.78035266666667
"Florida","6Hz","sine","E9",26.8737792539972,88.585411736964,3.21059666666667
"Florida","6Hz","sine","E10",16.0697667431522,76.4350039760624,2.58792
"Florida","6Hz","sine","E11",0,64.048,2.19582466666667
"Florida","6Hz","sine","E12",-11.4069836172611,43.8485528695707,2.52312066666667
"Florida","6Hz","sine","E13",-18.7176485153145,25.0067456910559,1.67048333333333
"Florida","6Hz","sine","E14",14.1187002915317,105.342066422099,3.379716
"Florida","6Hz","sine","E15",0,90.726,3.07352066666667
"Florida","6Hz","sine","E16",0,79.014,2.263288
"Florida","6Hz","sine","E17",0,114.908,2.94810066666667
"Florida","6Hz","sine","E18",-16.0697667431522,76.4350039760624,2.36281133333333
"Florida","6Hz","sine","E19",-23.6192388587642,58.8318312797812,1.88775866666667
"Florida","6Hz","sine","E20",-31.3121246459833,41.9182840077502,2.13091
"Florida","6Hz","sine","E21",-14.1187002915317,105.342066422099,3.44536133333333
"Florida","6Hz","sine","E22",-26.8737792539972,88.585411736964,3.81559666666667
"Florida","6Hz","sine","E23",-35.2634825458284,69.6677676887961,3.10110266666667
"Florida","6Hz","sine","E24",-39.5281102525102,53.3724044414846,2.10797533333333
"Florida","6Hz","sine","E25",-51.097415472918,96.8083637295249,2.96582933333333
"Florida","6Hz","sine","E26",-60.5117564493148,76.717478004812,2.54464066666667
"Florida","6Hz","sine","E27",-56.2717346283799,54.0022587112168,1.7722864
"Florida","6Hz","sine","E28",-50.0298983002845,37.5034658673461,1.63399133333333
"Florida","6Hz","sine","E29",-39.6304283909149,22.4510456227002,1.86776466666667
"Florida","6Hz","sine","E30",-28.5960902390953,7.43167134886356,3.15743333333333
"Florida","6Hz","sine","E31",-14.2590609871468,-4.99065843399723,3.039036
"Florida","6Hz","sine","E32",-86.719831310897,82.7208230943671,2.37014066666667
"Florida","6Hz","sine","E33",-86.5427774390136,55.8179182444255,2.49823933333333
"Florida","6Hz","sine","E34",-73.2735964589411,31.8739532843394,1.330226
"Florida","6Hz","sine","E35",-58.7070104036568,13.6367088941921,1.12390733333333
"Florida","6Hz","sine","E36",-45.139000940819,2.34746545549408,2.69954
"Florida","6Hz","sine","E37",-29.3939238752213,-11.4188613800894,2.92973866666667
"Florida","6Hz","sine","E38",-111.066561880691,61.2336542760814,2.39092733333333
"Florida","6Hz","sine","E39",-106.979294016482,12.6447944916077,2.229274
"Florida","6Hz","sine","E40",-82.0312253490634,0.356499272328901,1.28527533333333
"Florida","6Hz","sine","E41",-62.3658981365752,-7.23363018257962,1.836498
"Florida","6Hz","sine","E42",-48.4277069849025,-19.0176228846936,2.76139133333333
"Florida","6Hz","sine","E43",-132.385776483018,49.089223063604,3.59673733333333
"Florida","6Hz","sine","E44",-127.856243406767,23.8953117140088,2.71265266666667
"Florida","6Hz","sine","E45",-102.023724252225,-26.0624191069444,2.23197
"Florida","6Hz","sine","E46",-77.0757795587277,-24.2279722926707,1.56979333333333
"Florida","6Hz","sine","E47",-61.3490707363697,-27.4299165836118,2.33344733333333
"Florida","6Hz","sine","E48",-147.073602828489,55.1905344696692,4.71297533333333
"Florida","6Hz","sine","E49",-148.427539841507,9.81951733019121,4.42043333333333
"Florida","6Hz","sine","E50",-87.6147402607277,-51.9804690729627,2.64177466666667
"Florida","6Hz","sine","E51",-64.3973497966683,-45.8325114211031,3.24550933333333
"Florida","6Hz","sine","E52",-49.3286473753904,-38.0293353099208,2.608472
"Florida","6Hz","sine","E53",-31.8703858461666,-30.6802729781934,3.55482133333333
"Florida","6Hz","sine","E54",-16.3380561246601,-24.5721384105547,3.71979333333333
"Florida","6Hz","sine","E55",1.86009153028893e-15,-15.1888,5.204144
"Florida","6Hz","sine","E56",-134.514184844694,-53.5568924748948,3.83511266666667
"Florida","6Hz","sine","E57",-107.771903337525,-61.2478444600876,2.456344
"Florida","6Hz","sine","E58",-72.0824426385969,-68.7392048197634,3.84046
"Florida","6Hz","sine","E59",-49.0164711950736,-60.6384229311954,4.42155866666667
"Florida","6Hz","sine","E60",-33.5739711579434,-49.4397118183913,4.70221933333333
"Florida","6Hz","sine","E61",-17.5616376782163,-41.0535015078989,4.21438
"Florida","6Hz","sine","E62",6.24863782796946e-15,-51.024,8.13743333333333
"Florida","6Hz","sine","E63",-111.844618176326,-90.215004411638,4.78531333333333
"Florida","6Hz","sine","E64",-82.7166311762146,-89.8591836311575,3.44020066666667
"Florida","6Hz","sine","E65",-53.2724548220446,-83.4923179534095,4.613702
"Florida","6Hz","sine","E66",-32.9982073155436,-70.0930032026051,5.06983133333333
"Florida","6Hz","sine","E67",-14.9843695227892,-59.7435310808167,4.86366733333333
"Florida","6Hz","sine","E68",-70.8544927411257,-119.808404222733,4.97498666666667
"Florida","6Hz","sine","E69",-50.7971288111611,-109.433046236237,3.31420066666667
"Florida","6Hz","sine","E70",-29.8089612459443,-93.6860097636664,6.07140866666667
"Florida","6Hz","sine","E71",-12.5941162529112,-75.6650426009803,7.55301333333333
"Florida","6Hz","sine","E72",8.04078595384169e-15,-65.658,9.67268666666667
"Florida","6Hz","sine","E73",-34.2137515878335,-132.964697639208,6.6579
"Florida","6Hz","sine","E74",-15.7052501655887,-118.019611578908,6.372714
"Florida","6Hz","sine","E75",1.18239648457677e-14,-96.55,13.0356
"Florida","6Hz","sine","E76",12.5941162529112,-75.6650426009803,10.1940786666667
"Florida","6Hz","sine","E77",14.9843695227892,-59.7435310808167,10.291
"Florida","6Hz","sine","E78",17.5616376782163,-41.0535015078989,5.57233466666667
"Florida","6Hz","sine","E79",16.3380561246601,-24.5721384105547,3.95570733333333
"Florida","6Hz","sine","E80",14.2590609871468,-4.99065843399723,2.58741866666667
"Florida","6Hz","sine","E81",1.66253150865048e-14,-135.756,6.73590666666667
"Florida","6Hz","sine","E82",15.7052501655887,-118.019611578908,5.64318666666667
"Florida","6Hz","sine","E83",29.8089612459443,-93.6860097636664,8.34739
"Florida","6Hz","sine","E84",32.9982073155436,-70.0930032026051,6.70670866666667
"Florida","6Hz","sine","E85",33.5739711579434,-49.4397118183913,5.64880933333333
"Florida","6Hz","sine","E86",31.8703858461666,-30.6802729781934,4.97093333333333
"Florida","6Hz","sine","E87",29.3939238752213,-11.4188613800894,3.19064266666667
"Florida","6Hz","sine","E88",34.2137515878335,-132.964697639208,5.17326666666667
"Florida","6Hz","sine","E89",50.7971288111611,-109.433046236237,3.262694
"Florida","6Hz","sine","E90",53.2724548220446,-83.4923179534095,5.103686
"Florida","6Hz","sine","E91",49.0164711950736,-60.6384229311954,6.43404
"Florida","6Hz","sine","E92",49.3286473753904,-38.0293353099208,3.65712133333333
"Florida","6Hz","sine","E93",48.4277069849025,-19.0176228846936,2.10196533333333
"Florida","6Hz","sine","E94",70.8544927411257,-119.808404222733,4.94472
"Florida","6Hz","sine","E95",82.7166311762146,-89.8591836311575,3.10142666666667
"Florida","6Hz","sine","E96",72.0824426385969,-68.7392048197634,5.78759266666667
"Florida","6Hz","sine","E97",64.3973497966683,-45.8325114211031,3.81635
"Florida","6Hz","sine","E98",61.3490707363697,-27.4299165836118,2.66882733333333
"Florida","6Hz","sine","E99",111.844618176326,-90.215004411638,5.00367533333333
"Florida","6Hz","sine","E100",107.771903337525,-61.2478444600876,3.41069666666667
"Florida","6Hz","sine","E101",87.6147402607277,-51.9804690729627,2.981376
"Florida","6Hz","sine","E102",77.0757795587277,-24.2279722926707,3.08964
"Florida","6Hz","sine","E103",62.3658981365752,-7.23363018257962,1.92905466666667
"Florida","6Hz","sine","E104",45.139000940819,2.34746545549408,3.01225533333333
"Florida","6Hz","sine","E105",28.5960902390953,7.43167134886356,3.51311
"Florida","6Hz","sine","E106",9.06629877496366,11.5485593631021,3.48051333333333
"Florida","6Hz","sine","E107",134.514184844694,-53.5568924748948,4.49979866666667
"Florida","6Hz","sine","E108",102.023724252225,-26.0624191069444,2.57758533333333
"Florida","6Hz","sine","E109",82.0312253490634,0.356499272328901,2.996596
"Florida","6Hz","sine","E110",58.7070104036568,13.6367088941921,1.80021466666667
"Florida","6Hz","sine","E111",39.6304283909149,22.4510456227002,2.02262466666667
"Florida","6Hz","sine","E112",18.7176485153145,25.0067456910559,2.90588066666667
"Florida","6Hz","sine","E113",148.427539841507,9.81951733019121,4.82379333333333
"Florida","6Hz","sine","E114",127.856243406767,23.8953117140088,3.39542666666667
"Florida","6Hz","sine","E115",106.979294016482,12.6447944916077,2.78379066666667
"Florida","6Hz","sine","E116",73.2735964589411,31.8739532843394,2.09236946666667
"Florida","6Hz","sine","E117",50.0298983002845,37.5034658673461,1.97480866666667
"Florida","6Hz","sine","E118",31.3121246459833,41.9182840077502,1.72385733333333
"Florida","6Hz","sine","E119",147.073602828489,55.1905344696692,4.14009933333333
"Florida","6Hz","sine","E120",132.385776483018,49.089223063604,3.48825533333333
"Florida","6Hz","sine","E121",111.066561880691,61.2336542760814,1.87572
"Florida","6Hz","sine","E122",86.5427774390136,55.8179182444255,2.14507
"Florida","6Hz","sine","E123",56.2717346283799,54.0022587112168,2.10320333333333
"Florida","6Hz","sine","E124",39.5281102525102,53.3724044414846,2.03503266666667
"Florida","6Hz","sine","E125",107.29091960617,79.3302648808283,2.38280066666667
"Florida","6Hz","sine","E126",71.1683422201787,126.406610434864,4.11424333333333
"Florida","6Hz","sine","E127",-71.1683422201787,126.406610434864,4.26191666666667
"Florida","6Hz","sine","E128",-107.29091960617,79.3302648808283,2.88249333333333
"Florida","6Hz","sine","Cz",0,0,4.47181133333333
"Florida","8.57Hz","square","E1",86.719831310897,82.7208230943671,1.92076933333333
"Florida","8.57Hz","square","E2",60.5117564493148,76.717478004812,1.45306933333333
"Florida","8.57Hz","square","E3",35.2634825458284,69.6677676887961,2.08417333333333
"Florida","8.57Hz","square","E4",23.6192388587642,58.8318312797812,1.825276
"Florida","8.57Hz","square","E5",11.4069836172611,43.8485528695707,1.88476613333333
"Florida","8.57Hz","square","E6",0,28.614,2.37344933333333
"Florida","8.57Hz","square","E7",-9.06629877496366,11.5485593631021,2.96901866666667
"Florida","8.57Hz","square","E8",51.097415472918,96.8083637295249,1.65431733333333
"Florida","8.57Hz","square","E9",26.8737792539972,88.585411736964,1.24768533333333
"Florida","8.57Hz","square","E10",16.0697667431522,76.4350039760624,1.81597133333333
"Florida","8.57Hz","square","E11",0,64.048,1.55426333333333
"Florida","8.57Hz","square","E12",-11.4069836172611,43.8485528695707,2.10820866666667
"Florida","8.57Hz","square","E13",-18.7176485153145,25.0067456910559,2.077596
"Florida","8.57Hz","square","E14",14.1187002915317,105.342066422099,2.17882666666667
"Florida","8.57Hz","square","E15",0,90.726,1.53795866666667
"Florida","8.57Hz","square","E16",0,79.014,1.61516266666667
"Florida","8.57Hz","square","E17",0,114.908,2.24277066666667
"Florida","8.57Hz","square","E18",-16.0697667431522,76.4350039760624,1.99339533333333
"Florida","8.57Hz","square","E19",-23.6192388587642,58.8318312797812,1.91931066666667
"Florida","8.57Hz","square","E20",-31.3121246459833,41.9182840077502,1.63326933333333
"Florida","8.57Hz","square","E21",-14.1187002915317,105.342066422099,2.26535533333333
"Florida","8.57Hz","square","E22",-26.8737792539972,88.585411736964,1.82575533333333
"Florida","8.57Hz","square","E23",-35.2634825458284,69.6677676887961,2.48402266666667
"Florida","8.57Hz","square","E24",-39.5281102525102,53.3724044414846,2.335836
"Florida","8.57Hz","square","E25",-51.097415472918,96.8083637295249,1.64080466666667
"Florida","8.57Hz","square","E26",-60.5117564493148,76.717478004812,1.42764866666667
"Florida","8.57Hz","square","E27",-56.2717346283799,54.0022587112168,2.13310133333333
"Florida","8.57Hz","square","E28",-50.0298983002845,37.5034658673461,1.64585266666667
"Florida","8.57Hz","square","E29",-39.6304283909149,22.4510456227002,2.232728
"Florida","8.57Hz","square","E30",-28.5960902390953,7.43167134886356,4.32438866666667
"Florida","8.57Hz","square","E31",-14.2590609871468,-4.99065843399723,3.41005726666667
"Florida","8.57Hz","square","E32",-86.719831310897,82.7208230943671,1.33133066666667
"Florida","8.57Hz","square","E33",-86.5427774390136,55.8179182444255,1.661506
"Florida","8.57Hz","square","E34",-73.2735964589411,31.8739532843394,1.26869333333333
"Florida","8.57Hz","square","E35",-58.7070104036568,13.6367088941921,1.25910266666667
"Florida","8.57Hz","square","E36",-45.139000940819,2.34746545549408,3.21298266666667
"Florida","8.57Hz","square","E37",-29.3939238752213,-11.4188613800894,3.38284266666667
"Florida","8.57Hz","square","E38",-111.066561880691,61.2336542760814,1.92455
"Florida","8.57Hz","square","E39",-106.979294016482,12.6447944916077,2.235446
"Florida","8.57Hz","square","E40",-82.0312253490634,0.356499272328901,1.46163733333333
"Florida","8.57Hz","square","E41",-62.3658981365752,-7.23363018257962,1.72785533333333
"Florida","8.57Hz","square","E42",-48.4277069849025,-19.0176228846936,2.93883933333333
"Florida","8.57Hz","square","E43",-132.385776483018,49.089223063604,3.23038333333333
"Florida","8.57Hz","square","E44",-127.856243406767,23.8953117140088,2.74045666666667
"Florida","8.57Hz","square","E45",-102.023724252225,-26.0624191069444,1.95779733333333
"Florida","8.57Hz","square","E46",-77.0757795587277,-24.2279722926707,1.93740066666667
"Florida","8.57Hz","square","E47",-61.3490707363697,-27.4299165836118,2.68083266666667
"Florida","8.57Hz","square","E48",-147.073602828489,55.1905344696692,4.38638
"Florida","8.57Hz","square","E49",-148.427539841507,9.81951733019121,3.91320133333333
"Florida","8.57Hz","square","E50",-87.6147402607277,-51.9804690729627,3.08068
"Florida","8.57Hz","square","E51",-64.3973497966683,-45.8325114211031,4.03383866666667
"Florida","8.57Hz","square","E52",-49.3286473753904,-38.0293353099208,3.16731733333333
"Florida","8.57Hz","square","E53",-31.8703858461666,-30.6802729781934,3.23950266666667
"Florida","8.57Hz","square","E54",-16.3380561246601,-24.5721384105547,4.44074666666667
"Florida","8.57Hz","square","E55",1.86009153028893e-15,-15.1888,5.92004733333333
"Florida","8.57Hz","square","E56",-134.514184844694,-53.5568924748948,4.69460466666667
"Florida","8.57Hz","square","E57",-107.771903337525,-61.2478444600876,2.89068466666667
"Florida","8.57Hz","square","E58",-72.0824426385969,-68.7392048197634,3.182576
"Florida","8.57Hz","square","E59",-49.0164711950736,-60.6384229311954,3.71044466666667
"Florida","8.57Hz","square","E60",-33.5739711579434,-49.4397118183913,4.70385333333333
"Florida","8.57Hz","square","E61",-17.5616376782163,-41.0535015078989,4.56000666666667
"Florida","8.57Hz","square","E62",6.24863782796946e-15,-51.024,6.23855333333333
"Florida","8.57Hz","square","E63",-111.844618176326,-90.215004411638,4.97877333333333
"Florida","8.57Hz","square","E64",-82.7166311762146,-89.8591836311575,3.10783066666667
"Florida","8.57Hz","square","E65",-53.2724548220446,-83.4923179534095,5.04515066666667
"Florida","8.57Hz","square","E66",-32.9982073155436,-70.0930032026051,5.390106
"Florida","8.57Hz","square","E67",-14.9843695227892,-59.7435310808167,5.502908
"Florida","8.57Hz","square","E68",-70.8544927411257,-119.808404222733,4.5371
"Florida","8.57Hz","square","E69",-50.7971288111611,-109.433046236237,3.43199733333333
"Florida","8.57Hz","square","E70",-29.8089612459443,-93.6860097636664,6.259352
"Florida","8.57Hz","square","E71",-12.5941162529112,-75.6650426009803,8.47194266666667
"Florida","8.57Hz","square","E72",8.04078595384169e-15,-65.658,8.54219333333333
"Florida","8.57Hz","square","E73",-34.2137515878335,-132.964697639208,6.03240666666667
"Florida","8.57Hz","square","E74",-15.7052501655887,-118.019611578908,5.37958066666667
"Florida","8.57Hz","square","E75",1.18239648457677e-14,-96.55,11.44074
"Florida","8.57Hz","square","E76",12.5941162529112,-75.6650426009803,10.9973866666667
"Florida","8.57Hz","square","E77",14.9843695227892,-59.7435310808167,9.81603333333333
"Florida","8.57Hz","square","E78",17.5616376782163,-41.0535015078989,5.39119733333333
"Florida","8.57Hz","square","E79",16.3380561246601,-24.5721384105547,3.96463
"Florida","8.57Hz","square","E80",14.2590609871468,-4.99065843399723,2.996524
"Florida","8.57Hz","square","E81",1.66253150865048e-14,-135.756,6.17553266666667
"Florida","8.57Hz","square","E82",15.7052501655887,-118.019611578908,4.55520666666667
"Florida","8.57Hz","square","E83",29.8089612459443,-93.6860097636664,7.83275333333333
"Florida","8.57Hz","square","E84",32.9982073155436,-70.0930032026051,7.67929333333333
"Florida","8.57Hz","square","E85",33.5739711579434,-49.4397118183913,4.728248
"Florida","8.57Hz","square","E86",31.8703858461666,-30.6802729781934,4.28421466666667
"Florida","8.57Hz","square","E87",29.3939238752213,-11.4188613800894,3.586866
"Florida","8.57Hz","square","E88",34.2137515878335,-132.964697639208,4.29661066666667
"Florida","8.57Hz","square","E89",50.7971288111611,-109.433046236237,3.06692733333333
"Florida","8.57Hz","square","E90",53.2724548220446,-83.4923179534095,6.079534
"Florida","8.57Hz","square","E91",49.0164711950736,-60.6384229311954,5.01067533333333
"Florida","8.57Hz","square","E92",49.3286473753904,-38.0293353099208,3.12689133333333
"Florida","8.57Hz","square","E93",48.4277069849025,-19.0176228846936,2.75258066666667
"Florida","8.57Hz","square","E94",70.8544927411257,-119.808404222733,4.56136
"Florida","8.57Hz","square","E95",82.7166311762146,-89.8591836311575,2.792254
"Florida","8.57Hz","square","E96",72.0824426385969,-68.7392048197634,5.38938666666667
"Florida","8.57Hz","square","E97",64.3973497966683,-45.8325114211031,3.71372666666667
"Florida","8.57Hz","square","E98",61.3490707363697,-27.4299165836118,3.06520666666667
"Florida","8.57Hz","square","E99",111.844618176326,-90.215004411638,4.979998
"Florida","8.57Hz","square","E100",107.771903337525,-61.2478444600876,3.09366066666667
"Florida","8.57Hz","square","E101",87.6147402607277,-51.9804690729627,3.22431733333333
"Florida","8.57Hz","square","E102",77.0757795587277,-24.2279722926707,3.11892266666667
"Florida","8.57Hz","square","E103",62.3658981365752,-7.23363018257962,2.10670933333333
"Florida","8.57Hz","square","E104",45.139000940819,2.34746545549408,3.15887466666667
"Florida","8.57Hz","square","E105",28.5960902390953,7.43167134886356,3.63224533333333
"Florida","8.57Hz","square","E106",9.06629877496366,11.5485593631021,3.80406533333333
"Florida","8.57Hz","square","E107",134.514184844694,-53.5568924748948,4.26985933333333
"Florida","8.57Hz","square","E108",102.023724252225,-26.0624191069444,2.167474
"Florida","8.57Hz","square","E109",82.0312253490634,0.356499272328901,2.40244333333333
"Florida","8.57Hz","square","E110",58.7070104036568,13.6367088941921,1.36630933333333
"Florida","8.57Hz","square","E111",39.6304283909149,22.4510456227002,2.253882
"Florida","8.57Hz","square","E112",18.7176485153145,25.0067456910559,2.96443933333333
"Florida","8.57Hz","square","E113",148.427539841507,9.81951733019121,3.688004
"Florida","8.57Hz","square","E114",127.856243406767,23.8953117140088,2.939426
"Florida","8.57Hz","square","E115",106.979294016482,12.6447944916077,2.33472333333333
"Florida","8.57Hz","square","E116",73.2735964589411,31.8739532843394,1.84192066666667
"Florida","8.57Hz","square","E117",50.0298983002845,37.5034658673461,1.15126333333333
"Florida","8.57Hz","square","E118",31.3121246459833,41.9182840077502,1.55335533333333
"Florida","8.57Hz","square","E119",147.073602828489,55.1905344696692,3.93999533333333
"Florida","8.57Hz","square","E120",132.385776483018,49.089223063604,3.03112066666667
"Florida","8.57Hz","square","E121",111.066561880691,61.2336542760814,1.97227333333333
"Florida","8.57Hz","square","E122",86.5427774390136,55.8179182444255,1.675622
"Florida","8.57Hz","square","E123",56.2717346283799,54.0022587112168,1.642726
"Florida","8.57Hz","square","E124",39.5281102525102,53.3724044414846,1.69556
"Florida","8.57Hz","square","E125",107.29091960617,79.3302648808283,2.23816466666667
"Florida","8.57Hz","square","E126",71.1683422201787,126.406610434864,2.723828
"Florida","8.57Hz","square","E127",-71.1683422201787,126.406610434864,2.902912
"Florida","8.57Hz","square","E128",-107.29091960617,79.3302648808283,2.22383533333333
"Florida","8.57Hz","square","Cz",0,0,5.10712333333333
"Florida","8.57Hz","sine","E1",86.719831310897,82.7208230943671,1.42930066666667
"Florida","8.57Hz","sine","E2",60.5117564493148,76.717478004812,2.045238
"Florida","8.57Hz","sine","E3",35.2634825458284,69.6677676887961,2.026638
"Florida","8.57Hz","sine","E4",23.6192388587642,58.8318312797812,1.99136
"Florida","8.57Hz","sine","E5",11.4069836172611,43.8485528695707,1.883974
"Florida","8.57Hz","sine","E6",0,28.614,2.42102266666667
"Florida","8.57Hz","sine","E7",-9.06629877496366,11.5485593631021,2.79629666666667
"Florida","8.57Hz","sine","E8",51.097415472918,96.8083637295249,2.19377
"Florida","8.57Hz","sine","E9",26.8737792539972,88.585411736964,1.71752666666667
"Florida","8.57Hz","sine","E10",16.0697667431522,76.4350039760624,1.78424866666667
"Florida","8.57Hz","sine","E11",0,64.048,1.640096
"Florida","8.57Hz","sine","E12",-11.4069836172611,43.8485528695707,2.08833
"Florida","8.57Hz","sine","E13",-18.7176485153145,25.0067456910559,1.72615866666667
"Florida","8.57Hz","sine","E14",14.1187002915317,105.342066422099,2.38414933333333
"Florida","8.57Hz","sine","E15",0,90.726,1.720552
"Florida","8.57Hz","sine","E16",0,79.014,1.58683
"Florida","8.57Hz","sine","E17",0,114.908,2.48809866666667
"Florida","8.57Hz","sine","E18",-16.0697667431522,76.4350039760624,1.96585066666667
"Florida","8.57Hz","sine","E19",-23.6192388587642,58.8318312797812,1.70666466666667
"Florida","8.57Hz","sine","E20",-31.3121246459833,41.9182840077502,1.70298866666667
"Florida","8.57Hz","sine","E21",-14.1187002915317,105.342066422099,2.37692
"Florida","8.57Hz","sine","E22",-26.8737792539972,88.585411736964,1.833472
"Florida","8.57Hz","sine","E23",-35.2634825458284,69.6677676887961,2.24416466666667
"Florida","8.57Hz","sine","E24",-39.5281102525102,53.3724044414846,1.88395026666667
"Florida","8.57Hz","sine","E25",-51.097415472918,96.8083637295249,1.89569133333333
"Florida","8.57Hz","sine","E26",-60.5117564493148,76.717478004812,1.42777066666667
"Florida","8.57Hz","sine","E27",-56.2717346283799,54.0022587112168,1.50298466666667
"Florida","8.57Hz","sine","E28",-50.0298983002845,37.5034658673461,1.76959933333333
"Florida","8.57Hz","sine","E29",-39.6304283909149,22.4510456227002,1.70542333333333
"Florida","8.57Hz","sine","E30",-28.5960902390953,7.43167134886356,3.76070133333333
"Florida","8.57Hz","sine","E31",-14.2590609871468,-4.99065843399723,3.29764666666667
"Florida","8.57Hz","sine","E32",-86.719831310897,82.7208230943671,1.56823466666667
"Florida","8.57Hz","sine","E33",-86.5427774390136,55.8179182444255,1.59584066666667
"Florida","8.57Hz","sine","E34",-73.2735964589411,31.8739532843394,1.21642
"Florida","8.57Hz","sine","E35",-58.7070104036568,13.6367088941921,1.14228373333333
"Florida","8.57Hz","sine","E36",-45.139000940819,2.34746545549408,2.77076266666667
"Florida","8.57Hz","sine","E37",-29.3939238752213,-11.4188613800894,3.32632466666667
"Florida","8.57Hz","sine","E38",-111.066561880691,61.2336542760814,1.77613466666667
"Florida","8.57Hz","sine","E39",-106.979294016482,12.6447944916077,1.78929666666667
"Florida","8.57Hz","sine","E40",-82.0312253490634,0.356499272328901,1.31219
"Florida","8.57Hz","sine","E41",-62.3658981365752,-7.23363018257962,1.67678866666667
"Florida","8.57Hz","sine","E42",-48.4277069849025,-19.0176228846936,2.61081533333333
"Florida","8.57Hz","sine","E43",-132.385776483018,49.089223063604,3.26202
"Florida","8.57Hz","sine","E44",-127.856243406767,23.8953117140088,2.28413733333333
"Florida","8.57Hz","sine","E45",-102.023724252225,-26.0624191069444,2.24252866666667
"Florida","8.57Hz","sine","E46",-77.0757795587277,-24.2279722926707,2.01651466666667
"Florida","8.57Hz","sine","E47",-61.3490707363697,-27.4299165836118,2.360246
"Florida","8.57Hz","sine","E48",-147.073602828489,55.1905344696692,3.90053066666667
"Florida","8.57Hz","sine","E49",-148.427539841507,9.81951733019121,3.16893
"Florida","8.57Hz","sine","E50",-87.6147402607277,-51.9804690729627,2.74336866666667
"Florida","8.57Hz","sine","E51",-64.3973497966683,-45.8325114211031,3.66479666666667
"Florida","8.57Hz","sine","E52",-49.3286473753904,-38.0293353099208,2.54595733333333
"Florida","8.57Hz","sine","E53",-31.8703858461666,-30.6802729781934,2.77229666666667
"Florida","8.57Hz","sine","E54",-16.3380561246601,-24.5721384105547,3.979484
"Florida","8.57Hz","sine","E55",1.86009153028893e-15,-15.1888,5.80048533333333
"Florida","8.57Hz","sine","E56",-134.514184844694,-53.5568924748948,2.91119266666667
"Florida","8.57Hz","sine","E57",-107.771903337525,-61.2478444600876,2.2982
"Florida","8.57Hz","sine","E58",-72.0824426385969,-68.7392048197634,2.576538
"Florida","8.57Hz","sine","E59",-49.0164711950736,-60.6384229311954,3.424578
"Florida","8.57Hz","sine","E60",-33.5739711579434,-49.4397118183913,3.81878666666667
"Florida","8.57Hz","sine","E61",-17.5616376782163,-41.0535015078989,3.91555666666667
"Florida","8.57Hz","sine","E62",6.24863782796946e-15,-51.024,5.21300533333333
"Florida","8.57Hz","sine","E63",-111.844618176326,-90.215004411638,3.54249266666667
"Florida","8.57Hz","sine","E64",-82.7166311762146,-89.8591836311575,2.675602
"Florida","8.57Hz","sine","E65",-53.2724548220446,-83.4923179534095,4.64333666666667
"Florida","8.57Hz","sine","E66",-32.9982073155436,-70.0930032026051,4.176084
"Florida","8.57Hz","sine","E67",-14.9843695227892,-59.7435310808167,4.466806
"Florida","8.57Hz","sine","E68",-70.8544927411257,-119.808404222733,3.06821533333333
"Florida","8.57Hz","sine","E69",-50.7971288111611,-109.433046236237,2.58396866666667
"Florida","8.57Hz","sine","E70",-29.8089612459443,-93.6860097636664,5.5077
"Florida","8.57Hz","sine","E71",-12.5941162529112,-75.6650426009803,6.652818
"Florida","8.57Hz","sine","E72",8.04078595384169e-15,-65.658,6.68719333333333
"Florida","8.57Hz","sine","E73",-34.2137515878335,-132.964697639208,4.52192066666667
"Florida","8.57Hz","sine","E74",-15.7052501655887,-118.019611578908,4.14794133333333
"Florida","8.57Hz","sine","E75",1.18239648457677e-14,-96.55,8.89324
"Florida","8.57Hz","sine","E76",12.5941162529112,-75.6650426009803,8.88219333333333
"Florida","8.57Hz","sine","E77",14.9843695227892,-59.7435310808167,7.56365666666667
"Florida","8.57Hz","sine","E78",17.5616376782163,-41.0535015078989,5.15357733333333
"Florida","8.57Hz","sine","E79",16.3380561246601,-24.5721384105547,3.56443533333333
"Florida","8.57Hz","sine","E80",14.2590609871468,-4.99065843399723,3.06856266666667
"Florida","8.57Hz","sine","E81",1.66253150865048e-14,-135.756,4.98626666666667
"Florida","8.57Hz","sine","E82",15.7052501655887,-118.019611578908,3.50399133333333
"Florida","8.57Hz","sine","E83",29.8089612459443,-93.6860097636664,6.6886
"Florida","8.57Hz","sine","E84",32.9982073155436,-70.0930032026051,6.212982
"Florida","8.57Hz","sine","E85",33.5739711579434,-49.4397118183913,4.83176266666667
"Florida","8.57Hz","sine","E86",31.8703858461666,-30.6802729781934,4.3961576
"Florida","8.57Hz","sine","E87",29.3939238752213,-11.4188613800894,3.507074
"Florida","8.57Hz","sine","E88",34.2137515878335,-132.964697639208,3.86848
"Florida","8.57Hz","sine","E89",50.7971288111611,-109.433046236237,3.05422666666667
"Florida","8.57Hz","sine","E90",53.2724548220446,-83.4923179534095,5.39952
"Florida","8.57Hz","sine","E91",49.0164711950736,-60.6384229311954,4.895748
"Florida","8.57Hz","sine","E92",49.3286473753904,-38.0293353099208,3.19340733333333
"Florida","8.57Hz","sine","E93",48.4277069849025,-19.0176228846936,2.636202
"Florida","8.57Hz","sine","E94",70.8544927411257,-119.808404222733,4.14383866666667
"Florida","8.57Hz","sine","E95",82.7166311762146,-89.8591836311575,2.66306133333333
"Florida","8.57Hz","sine","E96",72.0824426385969,-68.7392048197634,5.05200666666667
"Florida","8.57Hz","sine","E97",64.3973497966683,-45.8325114211031,3.699904
"Florida","8.57Hz","sine","E98",61.3490707363697,-27.4299165836118,2.69130266666667
"Florida","8.57Hz","sine","E99",111.844618176326,-90.215004411638,3.671766
"Florida","8.57Hz","sine","E100",107.771903337525,-61.2478444600876,2.70087933333333
"Florida","8.57Hz","sine","E101",87.6147402607277,-51.9804690729627,3.107622
"Florida","8.57Hz","sine","E102",77.0757795587277,-24.2279722926707,2.447772
"Florida","8.57Hz","sine","E103",62.3658981365752,-7.23363018257962,1.88052666666667
"Florida","8.57Hz","sine","E104",45.139000940819,2.34746545549408,3.221444
"Florida","8.57Hz","sine","E105",28.5960902390953,7.43167134886356,3.38824866666667
"Florida","8.57Hz","sine","E106",9.06629877496366,11.5485593631021,3.45942066666667
"Florida","8.57Hz","sine","E107",134.514184844694,-53.5568924748948,3.95207866666667
"Florida","8.57Hz","sine","E108",102.023724252225,-26.0624191069444,2.60857333333333
"Florida","8.57Hz","sine","E109",82.0312253490634,0.356499272328901,2.469486
"Florida","8.57Hz","sine","E110",58.7070104036568,13.6367088941921,1.34651133333333
"Florida","8.57Hz","sine","E111",39.6304283909149,22.4510456227002,2.159405
"Florida","8.57Hz","sine","E112",18.7176485153145,25.0067456910559,3.41022066666667
"Florida","8.57Hz","sine","E113",148.427539841507,9.81951733019121,3.49541333333333
"Florida","8.57Hz","sine","E114",127.856243406767,23.8953117140088,2.862756
"Florida","8.57Hz","sine","E115",106.979294016482,12.6447944916077,2.84262733333333
"Florida","8.57Hz","sine","E116",73.2735964589411,31.8739532843394,1.71426133333333
"Florida","8.57Hz","sine","E117",50.0298983002845,37.5034658673461,1.20709
"Florida","8.57Hz","sine","E118",31.3121246459833,41.9182840077502,1.405584
"Florida","8.57Hz","sine","E119",147.073602828489,55.1905344696692,3.296178
"Florida","8.57Hz","sine","E120",132.385776483018,49.089223063604,2.89992066666667
"Florida","8.57Hz","sine","E121",111.066561880691,61.2336542760814,1.78408533333333
"Florida","8.57Hz","sine","E122",86.5427774390136,55.8179182444255,1.87098
"Florida","8.57Hz","sine","E123",56.2717346283799,54.0022587112168,1.378418
"Florida","8.57Hz","sine","E124",39.5281102525102,53.3724044414846,1.579798
"Florida","8.57Hz","sine","E125",107.29091960617,79.3302648808283,1.868666
"Florida","8.57Hz","sine","E126",71.1683422201787,126.406610434864,2.92313066666667
"Florida","8.57Hz","sine","E127",-71.1683422201787,126.406610434864,2.72101
"Florida","8.57Hz","sine","E128",-107.29091960617,79.3302648808283,2.35365466666667
"Florida","8.57Hz","sine","Cz",0,0,4.663036
"Florida","15Hz","square","E1",86.719831310897,82.7208230943671,0.537456
"Florida","15Hz","square","E2",60.5117564493148,76.717478004812,0.991411866666667
"Florida","15Hz","square","E3",35.2634825458284,69.6677676887961,0.710096666666667
"Florida","15Hz","square","E4",23.6192388587642,58.8318312797812,0.840019333333333
"Florida","15Hz","square","E5",11.4069836172611,43.8485528695707,0.719476666666667
"Florida","15Hz","square","E6",0,28.614,0.873164
"Florida","15Hz","square","E7",-9.06629877496366,11.5485593631021,1.10958066666667
"Florida","15Hz","square","E8",51.097415472918,96.8083637295249,0.834978
"Florida","15Hz","square","E9",26.8737792539972,88.585411736964,0.894088666666667
"Florida","15Hz","square","E10",16.0697667431522,76.4350039760624,0.868156666666667
"Florida","15Hz","square","E11",0,64.048,0.982632666666667
"Florida","15Hz","square","E12",-11.4069836172611,43.8485528695707,1.26737533333333
"Florida","15Hz","square","E13",-18.7176485153145,25.0067456910559,1.090122
"Florida","15Hz","square","E14",14.1187002915317,105.342066422099,0.987298
"Florida","15Hz","square","E15",0,90.726,0.708848266666667
"Florida","15Hz","square","E16",0,79.014,1.07045
"Florida","15Hz","square","E17",0,114.908,1.05257733333333
"Florida","15Hz","square","E18",-16.0697667431522,76.4350039760624,1.09604533333333
"Florida","15Hz","square","E19",-23.6192388587642,58.8318312797812,0.705464666666667
"Florida","15Hz","square","E20",-31.3121246459833,41.9182840077502,0.929038
"Florida","15Hz","square","E21",-14.1187002915317,105.342066422099,1.11791866666667
"Florida","15Hz","square","E22",-26.8737792539972,88.585411736964,0.963004
"Florida","15Hz","square","E23",-35.2634825458284,69.6677676887961,1.21732986666667
"Florida","15Hz","square","E24",-39.5281102525102,53.3724044414846,0.938993333333333
"Florida","15Hz","square","E25",-51.097415472918,96.8083637295249,0.911922666666667
"Florida","15Hz","square","E26",-60.5117564493148,76.717478004812,0.721681133333333
"Florida","15Hz","square","E27",-56.2717346283799,54.0022587112168,0.928364
"Florida","15Hz","square","E28",-50.0298983002845,37.5034658673461,0.845223333333333
"Florida","15Hz","square","E29",-39.6304283909149,22.4510456227002,0.7649134
"Florida","15Hz","square","E30",-28.5960902390953,7.43167134886356,1.29430586666667
"Florida","15Hz","square","E31",-14.2590609871468,-4.99065843399723,1.10136666666667
"Florida","15Hz","square","E32",-86.719831310897,82.7208230943671,0.585420666666667
"Florida","15Hz","square","E33",-86.5427774390136,55.8179182444255,0.742578
"Florida","15Hz","square","E34",-73.2735964589411,31.8739532843394,0.847273333333333
"Florida","15Hz","square","E35",-58.7070104036568,13.6367088941921,0.744098
"Florida","15Hz","square","E36",-45.139000940819,2.34746545549408,1.04198
"Florida","15Hz","square","E37",-29.3939238752213,-11.4188613800894,1.64602133333333
"Florida","15Hz","square","E38",-111.066561880691,61.2336542760814,0.810126933333333
"Florida","15Hz","square","E39",-106.979294016482,12.6447944916077,0.804816
"Florida","15Hz","square","E40",-82.0312253490634,0.356499272328901,0.631342666666667
"Florida","15Hz","square","E41",-62.3658981365752,-7.23363018257962,0.889386666666667
"Florida","15Hz","square","E42",-48.4277069849025,-19.0176228846936,1.59592266666667
"Florida","15Hz","square","E43",-132.385776483018,49.089223063604,1.94392533333333
"Florida","15Hz","square","E44",-127.856243406767,23.8953117140088,1.18206866666667
"Florida","15Hz","square","E45",-102.023724252225,-26.0624191069444,1.25127666666667
"Florida","15Hz","square","E46",-77.0757795587277,-24.2279722926707,1.133034
"Florida","15Hz","square","E47",-61.3490707363697,-27.4299165836118,0.973392666666667
"Florida","15Hz","square","E48",-147.073602828489,55.1905344696692,2.49549
"Florida","15Hz","square","E49",-148.427539841507,9.81951733019121,2.2548414
"Florida","15Hz","square","E50",-87.6147402607277,-51.9804690729627,1.24093666666667
"Florida","15Hz","square","E51",-64.3973497966683,-45.8325114211031,2.41269733333333
"Florida","15Hz","square","E52",-49.3286473753904,-38.0293353099208,1.70730133333333
"Florida","15Hz","square","E53",-31.8703858461666,-30.6802729781934,1.92281866666667
"Florida","15Hz","square","E54",-16.3380561246601,-24.5721384105547,1.63875866666667
"Florida","15Hz","square","E55",1.86009153028893e-15,-15.1888,2.11439986666667
"Florida","15Hz","square","E56",-134.514184844694,-53.5568924748948,2.00514933333333
"Florida","15Hz","square","E57",-107.771903337525,-61.2478444600876,1.45437133333333
"Florida","15Hz","square","E58",-72.0824426385969,-68.7392048197634,2.31138873333333
"Florida","15Hz","square","E59",-49.0164711950736,-60.6384229311954,3.45171733333333
"Florida","15Hz","square","E60",-33.5739711579434,-49.4397118183913,3.32309066666667
"Florida","15Hz","square","E61",-17.5616376782163,-41.0535015078989,2.088964
"Florida","15Hz","square","E62",6.24863782796946e-15,-51.024,5.13626533333333
"Florida","15Hz","square","E63",-111.844618176326,-90.215004411638,2.51342533333333
"Florida","15Hz","square","E64",-82.7166311762146,-89.8591836311575,1.99574533333333
"Florida","15Hz","square","E65",-53.2724548220446,-83.4923179534095,3.67646533333333
"Florida","15Hz","square","E66",-32.9982073155436,-70.0930032026051,3.41877266666667
"Florida","15Hz","square","E67",-14.9843695227892,-59.7435310808167,3.23903333333333
"Florida","15Hz","square","E68",-70.8544927411257,-119.808404222733,2.46197133333333
"Florida","15Hz","square","E69",-50.7971288111611,-109.433046236237,2.07953666666667
"Florida","15Hz","square","E70",-29.8089612459443,-93.6860097636664,3.81354466666667
"Florida","15Hz","square","E71",-12.5941162529112,-75.6650426009803,5.547166
"Florida","15Hz","square","E72",8.04078595384169e-15,-65.658,6.84201333333333
"Florida","15Hz","square","E73",-34.2137515878335,-132.964697639208,3.65374066666667
"Florida","15Hz","square","E74",-15.7052501655887,-118.019611578908,3.63868866666667
"Florida","15Hz","square","E75",1.18239648457677e-14,-96.55,7.53454
"Florida","15Hz","square","E76",12.5941162529112,-75.6650426009803,6.89458666666667
"Florida","15Hz","square","E77",14.9843695227892,-59.7435310808167,5.77452866666667
"Florida","15Hz","square","E78",17.5616376782163,-41.0535015078989,3.150902
"Florida","15Hz","square","E79",16.3380561246601,-24.5721384105547,2.248966
"Florida","15Hz","square","E80",14.2590609871468,-4.99065843399723,1.50971073333333
"Florida","15Hz","square","E81",1.66253150865048e-14,-135.756,3.95309
"Florida","15Hz","square","E82",15.7052501655887,-118.019611578908,3.69306333333333
"Florida","15Hz","square","E83",29.8089612459443,-93.6860097636664,4.65465933333333
"Florida","15Hz","square","E84",32.9982073155436,-70.0930032026051,5.60649533333333
"Florida","15Hz","square","E85",33.5739711579434,-49.4397118183913,3.72407266666667
"Florida","15Hz","square","E86",31.8703858461666,-30.6802729781934,2.49624533333333
"Florida","15Hz","square","E87",29.3939238752213,-11.4188613800894,1.62669533333333
"Florida","15Hz","square","E88",34.2137515878335,-132.964697639208,2.76516066666667
"Florida","15Hz","square","E89",50.7971288111611,-109.433046236237,2.11341533333333
"Florida","15Hz","square","E90",53.2724548220446,-83.4923179534095,4.54998066666667
"Florida","15Hz","square","E91",49.0164711950736,-60.6384229311954,5.66712266666667
"Florida","15Hz","square","E92",49.3286473753904,-38.0293353099208,2.76583666666667
"Florida","15Hz","square","E93",48.4277069849025,-19.0176228846936,1.49259453333333
"Florida","15Hz","square","E94",70.8544927411257,-119.808404222733,3.22953333333333
"Florida","15Hz","square","E95",82.7166311762146,-89.8591836311575,1.89466933333333
"Florida","15Hz","square","E96",72.0824426385969,-68.7392048197634,3.38550666666667
"Florida","15Hz","square","E97",64.3973497966683,-45.8325114211031,2.75165266666667
"Florida","15Hz","square","E98",61.3490707363697,-27.4299165836118,1.66581
"Florida","15Hz","square","E99",111.844618176326,-90.215004411638,2.81609866666667
"Florida","15Hz","square","E100",107.771903337525,-61.2478444600876,1.53790266666667
"Florida","15Hz","square","E101",87.6147402607277,-51.9804690729627,1.44367266666667
"Florida","15Hz","square","E102",77.0757795587277,-24.2279722926707,1.4254468
"Florida","15Hz","square","E103",62.3658981365752,-7.23363018257962,0.978154
"Florida","15Hz","square","E104",45.139000940819,2.34746545549408,1.51933
"Florida","15Hz","square","E105",28.5960902390953,7.43167134886356,1.22640166666667
"Florida","15Hz","square","E106",9.06629877496366,11.5485593631021,1.63038733333333
"Florida","15Hz","square","E107",134.514184844694,-53.5568924748948,2.18254666666667
"Florida","15Hz","square","E108",102.023724252225,-26.0624191069444,1.313052
"Florida","15Hz","square","E109",82.0312253490634,0.356499272328901,1.55714266666667
"Florida","15Hz","square","E110",58.7070104036568,13.6367088941921,0.708952
"Florida","15Hz","square","E111",39.6304283909149,22.4510456227002,1.07235066666667
"Florida","15Hz","square","E112",18.7176485153145,25.0067456910559,1.58695066666667
"Florida","15Hz","square","E113",148.427539841507,9.81951733019121,2.58068533333333
"Florida","15Hz","square","E114",127.856243406767,23.8953117140088,1.497906
"Florida","15Hz","square","E115",106.979294016482,12.6447944916077,1.07095866666667
"Florida","15Hz","square","E116",73.2735964589411,31.8739532843394,0.928600133333333
"Florida","15Hz","square","E117",50.0298983002845,37.5034658673461,0.706474666666667
"Florida","15Hz","square","E118",31.3121246459833,41.9182840077502,0.849779666666667
"Florida","15Hz","square","E119",147.073602828489,55.1905344696692,2.62605666666667
"Florida","15Hz","square","E120",132.385776483018,49.089223063604,2.07528266666667
"Florida","15Hz","square","E121",111.066561880691,61.2336542760814,0.906615333333333
"Florida","15Hz","square","E122",86.5427774390136,55.8179182444255,0.990583333333333
"Florida","15Hz","square","E123",56.2717346283799,54.0022587112168,0.806916666666667
"Florida","15Hz","square","E124",39.5281102525102,53.3724044414846,0.879940866666667
"Florida","15Hz","square","E125",107.29091960617,79.3302648808283,1.26303733333333
"Florida","15Hz","square","E126",71.1683422201787,126.406610434864,1.886524
"Florida","15Hz","square","E127",-71.1683422201787,126.406610434864,1.915684
"Florida","15Hz","square","E128",-107.29091960617,79.3302648808283,1.184818
"Florida","15Hz","square","Cz",0,0,1.87730666666667
"Florida","15Hz","sine","E1",86.719831310897,82.7208230943671,0.812770666666667
"Florida","15Hz","sine","E2",60.5117564493148,76.717478004812,1.11190666666667
"Florida","15Hz","sine","E3",35.2634825458284,69.6677676887961,0.8339718
"Florida","15Hz","sine","E4",23.6192388587642,58.8318312797812,0.804200666666667
"Florida","15Hz","sine","E5",11.4069836172611,43.8485528695707,0.683912
"Florida","15Hz","sine","E6",0,28.614,0.758210066666667
"Florida","15Hz","sine","E7",-9.06629877496366,11.5485593631021,0.9771456
"Florida","15Hz","sine","E8",51.097415472918,96.8083637295249,0.917636666666667
"Florida","15Hz","sine","E9",26.8737792539972,88.585411736964,0.974330666666667
"Florida","15Hz","sine","E10",16.0697667431522,76.4350039760624,0.964421333333333
"Florida","15Hz","sine","E11",0,64.048,0.738434666666667
"Florida","15Hz","sine","E12",-11.4069836172611,43.8485528695707,0.805440333333333
"Florida","15Hz","sine","E13",-18.7176485153145,25.0067456910559,0.919059933333333
"Florida","15Hz","sine","E14",14.1187002915317,105.342066422099,1.114384
"Florida","15Hz","sine","E15",0,90.726,1.03952666666667
"Florida","15Hz","sine","E16",0,79.014,0.8527966
"Florida","15Hz","sine","E17",0,114.908,1.11497333333333
"Florida","15Hz","sine","E18",-16.0697667431522,76.4350039760624,0.844488533333333
"Florida","15Hz","sine","E19",-23.6192388587642,58.8318312797812,0.676799933333333
"Florida","15Hz","sine","E20",-31.3121246459833,41.9182840077502,0.819229333333333
"Florida","15Hz","sine","E21",-14.1187002915317,105.342066422099,1.21728533333333
"Florida","15Hz","sine","E22",-26.8737792539972,88.585411736964,1.084086
"Florida","15Hz","sine","E23",-35.2634825458284,69.6677676887961,1.02379533333333
"Florida","15Hz","sine","E24",-39.5281102525102,53.3724044414846,0.82664
"Florida","15Hz","sine","E25",-51.097415472918,96.8083637295249,0.903457333333333
"Florida","15Hz","sine","E26",-60.5117564493148,76.717478004812,0.933019333333333
"Florida","15Hz","sine","E27",-56.2717346283799,54.0022587112168,1.04095
"Florida","15Hz","sine","E28",-50.0298983002845,37.5034658673461,0.730075333333333
"Florida","15Hz","sine","E29",-39.6304283909149,22.4510456227002,0.779831733333333
"Florida","15Hz","sine","E30",-28.5960902390953,7.43167134886356,1.13055933333333
"Florida","15Hz","sine","E31",-14.2590609871468,-4.99065843399723,1.19258266666667
"Florida","15Hz","sine","E32",-86.719831310897,82.7208230943671,0.747380666666667
"Florida","15Hz","sine","E33",-86.5427774390136,55.8179182444255,0.926102066666667
"Florida","15Hz","sine","E34",-73.2735964589411,31.8739532843394,0.760658933333333
"Florida","15Hz","sine","E35",-58.7070104036568,13.6367088941921,0.570038933333333
"Florida","15Hz","sine","E36",-45.139000940819,2.34746545549408,0.773286666666667
"Florida","15Hz","sine","E37",-29.3939238752213,-11.4188613800894,1.2496346
"Florida","15Hz","sine","E38",-111.066561880691,61.2336542760814,0.8288458
"Florida","15Hz","sine","E39",-106.979294016482,12.6447944916077,0.749098
"Florida","15Hz","sine","E40",-82.0312253490634,0.356499272328901,0.559978
"Florida","15Hz","sine","E41",-62.3658981365752,-7.23363018257962,0.965945333333333
"Florida","15Hz","sine","E42",-48.4277069849025,-19.0176228846936,1.29849926666667
"Florida","15Hz","sine","E43",-132.385776483018,49.089223063604,1.76230866666667
"Florida","15Hz","sine","E44",-127.856243406767,23.8953117140088,1.075654
"Florida","15Hz","sine","E45",-102.023724252225,-26.0624191069444,0.937816666666667
"Florida","15Hz","sine","E46",-77.0757795587277,-24.2279722926707,1.033148
"Florida","15Hz","sine","E47",-61.3490707363697,-27.4299165836118,0.8817168
"Florida","15Hz","sine","E48",-147.073602828489,55.1905344696692,2.293102
"Florida","15Hz","sine","E49",-148.427539841507,9.81951733019121,1.94476966666667
"Florida","15Hz","sine","E50",-87.6147402607277,-51.9804690729627,1.281594
"Florida","15Hz","sine","E51",-64.3973497966683,-45.8325114211031,2.43397466666667
"Florida","15Hz","sine","E52",-49.3286473753904,-38.0293353099208,1.442332
"Florida","15Hz","sine","E53",-31.8703858461666,-30.6802729781934,1.567218
"Florida","15Hz","sine","E54",-16.3380561246601,-24.5721384105547,1.29656666666667
"Florida","15Hz","sine","E55",1.86009153028893e-15,-15.1888,2.21549266666667
"Florida","15Hz","sine","E56",-134.514184844694,-53.5568924748948,1.86863466666667
"Florida","15Hz","sine","E57",-107.771903337525,-61.2478444600876,1.26131
"Florida","15Hz","sine","E58",-72.0824426385969,-68.7392048197634,2.30222266666667
"Florida","15Hz","sine","E59",-49.0164711950736,-60.6384229311954,3.28135866666667
"Florida","15Hz","sine","E60",-33.5739711579434,-49.4397118183913,2.724132
"Florida","15Hz","sine","E61",-17.5616376782163,-41.0535015078989,1.81535333333333
"Florida","15Hz","sine","E62",6.24863782796946e-15,-51.024,4.28293066666667
"Florida","15Hz","sine","E63",-111.844618176326,-90.215004411638,2.26337933333333
"Florida","15Hz","sine","E64",-82.7166311762146,-89.8591836311575,1.8024434
"Florida","15Hz","sine","E65",-53.2724548220446,-83.4923179534095,3.286394
"Florida","15Hz","sine","E66",-32.9982073155436,-70.0930032026051,3.07022933333333
"Florida","15Hz","sine","E67",-14.9843695227892,-59.7435310808167,2.938124
"Florida","15Hz","sine","E68",-70.8544927411257,-119.808404222733,2.38742666666667
"Florida","15Hz","sine","E69",-50.7971288111611,-109.433046236237,1.95607573333333
"Florida","15Hz","sine","E70",-29.8089612459443,-93.6860097636664,3.55386133333333
"Florida","15Hz","sine","E71",-12.5941162529112,-75.6650426009803,5.137292
"Florida","15Hz","sine","E72",8.04078595384169e-15,-65.658,5.97733333333333
"Florida","15Hz","sine","E73",-34.2137515878335,-132.964697639208,3.41752666666667
"Florida","15Hz","sine","E74",-15.7052501655887,-118.019611578908,3.42333
"Florida","15Hz","sine","E75",1.18239648457677e-14,-96.55,6.752388
"Florida","15Hz","sine","E76",12.5941162529112,-75.6650426009803,6.33434
"Florida","15Hz","sine","E77",14.9843695227892,-59.7435310808167,5.18149533333333
"Florida","15Hz","sine","E78",17.5616376782163,-41.0535015078989,2.91444333333333
"Florida","15Hz","sine","E79",16.3380561246601,-24.5721384105547,1.953354
"Florida","15Hz","sine","E80",14.2590609871468,-4.99065843399723,1.4709
"Florida","15Hz","sine","E81",1.66253150865048e-14,-135.756,3.5736982
"Florida","15Hz","sine","E82",15.7052501655887,-118.019611578908,3.43154266666667
"Florida","15Hz","sine","E83",29.8089612459443,-93.6860097636664,4.211156
"Florida","15Hz","sine","E84",32.9982073155436,-70.0930032026051,4.69441466666667
"Florida","15Hz","sine","E85",33.5739711579434,-49.4397118183913,3.31227933333333
"Florida","15Hz","sine","E86",31.8703858461666,-30.6802729781934,2.34728133333333
"Florida","15Hz","sine","E87",29.3939238752213,-11.4188613800894,1.37596066666667
"Florida","15Hz","sine","E88",34.2137515878335,-132.964697639208,2.49848266666667
"Florida","15Hz","sine","E89",50.7971288111611,-109.433046236237,1.52056666666667
"Florida","15Hz","sine","E90",53.2724548220446,-83.4923179534095,4.09775266666667
"Florida","15Hz","sine","E91",49.0164711950736,-60.6384229311954,5.019516
"Florida","15Hz","sine","E92",49.3286473753904,-38.0293353099208,2.30260733333333
"Florida","15Hz","sine","E93",48.4277069849025,-19.0176228846936,1.431246
"Florida","15Hz","sine","E94",70.8544927411257,-119.808404222733,2.40959533333333
"Florida","15Hz","sine","E95",82.7166311762146,-89.8591836311575,1.31406133333333
"Florida","15Hz","sine","E96",72.0824426385969,-68.7392048197634,2.755692
"Florida","15Hz","sine","E97",64.3973497966683,-45.8325114211031,2.37061333333333
"Florida","15Hz","sine","E98",61.3490707363697,-27.4299165836118,1.57640466666667
"Florida","15Hz","sine","E99",111.844618176326,-90.215004411638,2.70925666666667
"Florida","15Hz","sine","E100",107.771903337525,-61.2478444600876,1.757062
"Florida","15Hz","sine","E101",87.6147402607277,-51.9804690729627,1.385742
"Florida","15Hz","sine","E102",77.0757795587277,-24.2279722926707,1.32723533333333
"Florida","15Hz","sine","E103",62.3658981365752,-7.23363018257962,0.838858666666667
"Florida","15Hz","sine","E104",45.139000940819,2.34746545549408,1.47940733333333
"Florida","15Hz","sine","E105",28.5960902390953,7.43167134886356,1.23212393333333
"Florida","15Hz","sine","E106",9.06629877496366,11.5485593631021,1.69910522666667
"Florida","15Hz","sine","E107",134.514184844694,-53.5568924748948,2.531332
"Florida","15Hz","sine","E108",102.023724252225,-26.0624191069444,1.33240933333333
"Florida","15Hz","sine","E109",82.0312253490634,0.356499272328901,1.024752
"Florida","15Hz","sine","E110",58.7070104036568,13.6367088941921,0.653305333333333
"Florida","15Hz","sine","E111",39.6304283909149,22.4510456227002,0.938670666666667
"Florida","15Hz","sine","E112",18.7176485153145,25.0067456910559,1.20276213333333
"Florida","15Hz","sine","E113",148.427539841507,9.81951733019121,2.33066333333333
"Florida","15Hz","sine","E114",127.856243406767,23.8953117140088,1.40759333333333
"Florida","15Hz","sine","E115",106.979294016482,12.6447944916077,0.9209628
"Florida","15Hz","sine","E116",73.2735964589411,31.8739532843394,0.810726
"Florida","15Hz","sine","E117",50.0298983002845,37.5034658673461,0.903388
"Florida","15Hz","sine","E118",31.3121246459833,41.9182840077502,0.917368466666667
"Florida","15Hz","sine","E119",147.073602828489,55.1905344696692,2.07976466666667
"Florida","15Hz","sine","E120",132.385776483018,49.089223063604,1.78850066666667
"Florida","15Hz","sine","E121",111.066561880691,61.2336542760814,0.933666
"Florida","15Hz","sine","E122",86.5427774390136,55.8179182444255,1.01552733333333
"Florida","15Hz","sine","E123",56.2717346283799,54.0022587112168,0.879206666666667
"Florida","15Hz","sine","E124",39.5281102525102,53.3724044414846,1.040972
"Florida","15Hz","sine","E125",107.29091960617,79.3302648808283,1.30796866666667
"Florida","15Hz","sine","E126",71.1683422201787,126.406610434864,1.99135866666667
"Florida","15Hz","sine","E127",-71.1683422201787,126.406610434864,2.274888
"Florida","15Hz","sine","E128",-107.29091960617,79.3302648808283,1.179898
"Florida","15Hz","sine","Cz",0,0,1.86047533333333
"Leipzig","6Hz","square","Fp1",-31.5883351989959,97.2188992087232,0.745405333333333
"Leipzig","6Hz","square","AF7",-60.0845840598412,82.6993351989959,0.660971466666667
"Leipzig","6Hz","square","AF3",-34.7485187168438,74.5184388657274,0.772884666666667
"Leipzig","6Hz","square","F1",-20.8116439038144,51.5106262243125,0.799076
"Leipzig","6Hz","square","F3",-41.9542731897285,51.8092126664904,0.711050333333333
"Leipzig","6Hz","square","F5",-62.8929681582845,54.6720231218949,0.631857333333333
"Leipzig","6Hz","square","F7",-82.6993351989959,60.0845840598412,0.5979682
"Leipzig","6Hz","square","FT7",-97.2188992087232,31.5883351989959,0.516504933333333
"Leipzig","6Hz","square","FC5",-74.6864341197762,28.669435963624,0.524894
"Leipzig","6Hz","square","FC3",-49.0530364688705,26.081962142133,0.644122
"Leipzig","6Hz","square","FC1",-25.1418887118689,25.1418887118689,0.748045333333333
"Leipzig","6Hz","square","C1",-25.556,1.56485367995049e-15,0.652141333333333
"Leipzig","6Hz","square","C3",-51.112,3.12970735990098e-15,0.527146533333333
"Leipzig","6Hz","square","C5",-76.666,4.69443857517155e-15,0.407222
"Leipzig","6Hz","square","T7",-102.222,6.25929225512204e-15,2.844956
"Leipzig","6Hz","square","TP7",-97.2188992087232,-31.5883351989959,0.417322
"Leipzig","6Hz","square","CP5",-74.6864341197762,-28.669435963624,0.286872733333333
"Leipzig","6Hz","square","CP3",-49.0530364688705,-26.081962142133,0.436453333333333
"Leipzig","6Hz","square","CP1",-25.1418887118689,-25.1418887118689,0.558194666666667
"Leipzig","6Hz","square","P1",-20.8116439038144,-51.5106262243124,0.551891666666667
"Leipzig","6Hz","square","P3",-41.9542731897285,-51.8092126664904,0.499469866666667
"Leipzig","6Hz","square","P5",-62.8929681582845,-54.6720231218949,0.535516
"Leipzig","6Hz","square","P7",-82.6993351989959,-60.0845840598412,0.687316666666667
"Leipzig","6Hz","square","P9",-103.374573507242,-75.1060239674276,0.912509933333333
"Leipzig","6Hz","square","PO7",-60.0845840598412,-82.6993351989959,1.33995333333333
"Leipzig","6Hz","square","PO3",-34.7485187168438,-74.5184388657274,1.05946533333333
"Leipzig","6Hz","square","O1",-31.5883351989959,-97.2188992087232,2.39661933333333
"Leipzig","6Hz","square","Iz",1.5648291870145e-14,-127.778,4.04212666666667
"Leipzig","6Hz","square","Oz",1.25185845102441e-14,-102.222,3.50607333333333
"Leipzig","6Hz","square","POz",9.3888771503431e-15,-76.666,1.22820666666667
"Leipzig","6Hz","square","Pz",6.25941471980195e-15,-51.112,0.553434
"Leipzig","6Hz","square","CPz",3.12970735990098e-15,-25.556,0.661327333333333
"Leipzig","6Hz","square","Fpz",0,102.222,0.797786
"Leipzig","6Hz","square","Fp2",31.5883351989959,97.2188992087232,0.781784666666667
"Leipzig","6Hz","square","AF8",60.0845840598412,82.6993351989959,0.744604
"Leipzig","6Hz","square","AF4",34.7485187168438,74.5184388657274,0.821994666666667
"Leipzig","6Hz","square","Afz",0,76.666,0.826823333333333
"Leipzig","6Hz","square","Fz",0,51.112,0.831399333333333
"Leipzig","6Hz","square","F2",20.8116439038144,51.5106262243125,0.832222666666667
"Leipzig","6Hz","square","F4",41.9542731897285,51.8092126664904,0.805277333333333
"Leipzig","6Hz","square","F6",62.8929681582845,54.6720231218949,0.752498
"Leipzig","6Hz","square","F8",82.6993351989959,60.0845840598412,0.729853333333333
"Leipzig","6Hz","square","FT8",97.2188992087232,31.5883351989959,0.693185733333333
"Leipzig","6Hz","square","FC6",74.6864341197762,28.669435963624,0.677856
"Leipzig","6Hz","square","FC4",49.0530364688705,26.081962142133,0.726354
"Leipzig","6Hz","square","FC2",25.1418887118689,25.1418887118689,0.781213333333333
"Leipzig","6Hz","square","FCz",0,25.556,0.787340666666667
"Leipzig","6Hz","square","Cz",0,0,0.745777533333333
"Leipzig","6Hz","square","C2",25.556,1.56485367995049e-15,0.7124964
"Leipzig","6Hz","square","C4",51.112,3.12970735990098e-15,0.651698666666667
"Leipzig","6Hz","square","C6",76.666,4.69443857517155e-15,0.596858466666667
"Leipzig","6Hz","square","T8",102.222,6.25929225512204e-15,2.710036
"Leipzig","6Hz","square","TP8",97.2188992087232,-31.5883351989959,0.609726
"Leipzig","6Hz","square","CP6",74.6864341197762,-28.669435963624,0.609295333333333
"Leipzig","6Hz","square","CP4",49.0530364688705,-26.081962142133,0.5972868
"Leipzig","6Hz","square","CP2",25.1418887118689,-25.1418887118689,0.585703333333333
"Leipzig","6Hz","square","P2",20.8116439038144,-51.5106262243124,0.535982
"Leipzig","6Hz","square","P4",41.9542731897285,-51.8092126664904,0.573385666666667
"Leipzig","6Hz","square","P6",62.8929681582845,-54.6720231218949,0.690176666666667
"Leipzig","6Hz","square","P8",82.6993351989959,-60.0845840598412,0.856491933333333
"Leipzig","6Hz","square","P10",103.374573507242,-75.1060239674276,1.05570066666667
"Leipzig","6Hz","square","PO8",60.0845840598412,-82.6993351989959,1.55933
"Leipzig","6Hz","square","PO4",34.7485187168438,-74.5184388657274,1.10170906666667
"Leipzig","6Hz","square","O2",31.5883351989959,-97.2188992087232,2.37576
"Leipzig","6Hz","sine","Fp1",-31.5883351989959,97.2188992087232,0.666606666666667
"Leipzig","6Hz","sine","AF7",-60.0845840598412,82.6993351989959,0.603184666666667
"Leipzig","6Hz","sine","AF3",-34.7485187168438,74.5184388657274,0.651515333333333
"Leipzig","6Hz","sine","F1",-20.8116439038144,51.5106262243125,0.628129466666667
"Leipzig","6Hz","sine","F3",-41.9542731897285,51.8092126664904,0.592313333333333
"Leipzig","6Hz","sine","F5",-62.8929681582845,54.6720231218949,0.552497333333333
"Leipzig","6Hz","sine","F7",-82.6993351989959,60.0845840598412,0.54122
"Leipzig","6Hz","sine","FT7",-97.2188992087232,31.5883351989959,0.435220666666667
"Leipzig","6Hz","sine","FC5",-74.6864341197762,28.669435963624,0.445516866666667
"Leipzig","6Hz","sine","FC3",-49.0530364688705,26.081962142133,0.507749733333333
"Leipzig","6Hz","sine","FC1",-25.1418887118689,25.1418887118689,0.586276
"Leipzig","6Hz","sine","C1",-25.556,1.56485367995049e-15,0.541649666666667
"Leipzig","6Hz","sine","C3",-51.112,3.12970735990098e-15,0.443863133333333
"Leipzig","6Hz","sine","C5",-76.666,4.69443857517155e-15,0.3472772
"Leipzig","6Hz","sine","T7",-102.222,6.25929225512204e-15,2.07075866666667
"Leipzig","6Hz","sine","TP7",-97.2188992087232,-31.5883351989959,0.354588666666667
"Leipzig","6Hz","sine","CP5",-74.6864341197762,-28.669435963624,0.2400658
"Leipzig","6Hz","sine","CP3",-49.0530364688705,-26.081962142133,0.359603333333333
"Leipzig","6Hz","sine","CP1",-25.1418887118689,-25.1418887118689,0.450934666666667
"Leipzig","6Hz","sine","P1",-20.8116439038144,-51.5106262243124,0.406872133333333
"Leipzig","6Hz","sine","P3",-41.9542731897285,-51.8092126664904,0.357904666666667
"Leipzig","6Hz","sine","P5",-62.8929681582845,-54.6720231218949,0.448044
"Leipzig","6Hz","sine","P7",-82.6993351989959,-60.0845840598412,0.613367266666667
"Leipzig","6Hz","sine","P9",-103.374573507242,-75.1060239674276,0.752836
"Leipzig","6Hz","sine","PO7",-60.0845840598412,-82.6993351989959,1.073014
"Leipzig","6Hz","sine","PO3",-34.7485187168438,-74.5184388657274,0.772612666666667
"Leipzig","6Hz","sine","O1",-31.5883351989959,-97.2188992087232,1.77855666666667
"Leipzig","6Hz","sine","Iz",1.5648291870145e-14,-127.778,2.82960933333333
"Leipzig","6Hz","sine","Oz",1.25185845102441e-14,-102.222,2.45903333333333
"Leipzig","6Hz","sine","POz",9.3888771503431e-15,-76.666,0.864679333333333
"Leipzig","6Hz","sine","Pz",6.25941471980195e-15,-51.112,0.4044492
"Leipzig","6Hz","sine","CPz",3.12970735990098e-15,-25.556,0.52379
"Leipzig","6Hz","sine","Fpz",0,102.222,0.701946666666667
"Leipzig","6Hz","sine","Fp2",31.5883351989959,97.2188992087232,0.669556
"Leipzig","6Hz","sine","AF8",60.0845840598412,82.6993351989959,0.659490666666667
"Leipzig","6Hz","sine","AF4",34.7485187168438,74.5184388657274,0.666143333333333
"Leipzig","6Hz","sine","Afz",0,76.666,0.692940666666667
"Leipzig","6Hz","sine","Fz",0,51.112,0.65378
"Leipzig","6Hz","sine","F2",20.8116439038144,51.5106262243125,0.6521942
"Leipzig","6Hz","sine","F4",41.9542731897285,51.8092126664904,0.615156
"Leipzig","6Hz","sine","F6",62.8929681582845,54.6720231218949,0.596481333333333
"Leipzig","6Hz","sine","F8",82.6993351989959,60.0845840598412,0.604234666666667
"Leipzig","6Hz","sine","FT8",97.2188992087232,31.5883351989959,0.533132
"Leipzig","6Hz","sine","FC6",74.6864341197762,28.669435963624,0.477766
"Leipzig","6Hz","sine","FC4",49.0530364688705,26.081962142133,0.52298
"Leipzig","6Hz","sine","FC2",25.1418887118689,25.1418887118689,0.606071333333333
"Leipzig","6Hz","sine","FCz",0,25.556,0.633356133333333
"Leipzig","6Hz","sine","Cz",0,0,0.621235466666667
"Leipzig","6Hz","sine","C2",25.556,1.56485367995049e-15,0.557818
"Leipzig","6Hz","sine","C4",51.112,3.12970735990098e-15,0.4307906
"Leipzig","6Hz","sine","C6",76.666,4.69443857517155e-15,0.392125466666667
"Leipzig","6Hz","sine","T8",102.222,6.25929225512204e-15,1.98434466666667
"Leipzig","6Hz","sine","TP8",97.2188992087232,-31.5883351989959,0.494149333333333
"Leipzig","6Hz","sine","CP6",74.6864341197762,-28.669435963624,0.357503333333333
"Leipzig","6Hz","sine","CP4",49.0530364688705,-26.081962142133,0.382300466666667
"Leipzig","6Hz","sine","CP2",25.1418887118689,-25.1418887118689,0.440042866666667
"Leipzig","6Hz","sine","P2",20.8116439038144,-51.5106262243124,0.414899133333333
"Leipzig","6Hz","sine","P4",41.9542731897285,-51.8092126664904,0.404763266666667
"Leipzig","6Hz","sine","P6",62.8929681582845,-54.6720231218949,0.4842548
"Leipzig","6Hz","sine","P8",82.6993351989959,-60.0845840598412,0.687902
"Leipzig","6Hz","sine","P10",103.374573507242,-75.1060239674276,0.872442666666667
"Leipzig","6Hz","sine","PO8",60.0845840598412,-82.6993351989959,1.16447586666667
"Leipzig","6Hz","sine","PO4",34.7485187168438,-74.5184388657274,0.8254302
"Leipzig","6Hz","sine","O2",31.5883351989959,-97.2188992087232,1.736022
"Leipzig","8.57Hz","square","Fp1",-31.5883351989959,97.2188992087232,0.748948666666667
"Leipzig","8.57Hz","square","AF7",-60.0845840598412,82.6993351989959,0.663519466666667
"Leipzig","8.57Hz","square","AF3",-34.7485187168438,74.5184388657274,0.830186
"Leipzig","8.57Hz","square","F1",-20.8116439038144,51.5106262243125,0.878634666666667
"Leipzig","8.57Hz","square","F3",-41.9542731897285,51.8092126664904,0.801858666666667
"Leipzig","8.57Hz","square","F5",-62.8929681582845,54.6720231218949,0.681968666666667
"Leipzig","8.57Hz","square","F7",-82.6993351989959,60.0845840598412,0.5818412
"Leipzig","8.57Hz","square","FT7",-97.2188992087232,31.5883351989959,0.458285533333333
"Leipzig","8.57Hz","square","FC5",-74.6864341197762,28.669435963624,0.508546666666667
"Leipzig","8.57Hz","square","FC3",-49.0530364688705,26.081962142133,0.673313333333333
"Leipzig","8.57Hz","square","FC1",-25.1418887118689,25.1418887118689,0.827132
"Leipzig","8.57Hz","square","C1",-25.556,1.56485367995049e-15,0.690391333333333
"Leipzig","8.57Hz","square","C3",-51.112,3.12970735990098e-15,0.491888666666667
"Leipzig","8.57Hz","square","C5",-76.666,4.69443857517155e-15,0.331328533333333
"Leipzig","8.57Hz","square","T7",-102.222,6.25929225512204e-15,2.44386333333333
"Leipzig","8.57Hz","square","TP7",-97.2188992087232,-31.5883351989959,0.442949333333333
"Leipzig","8.57Hz","square","CP5",-74.6864341197762,-28.669435963624,0.2524586
"Leipzig","8.57Hz","square","CP3",-49.0530364688705,-26.081962142133,0.355342666666667
"Leipzig","8.57Hz","square","CP1",-25.1418887118689,-25.1418887118689,0.516698
"Leipzig","8.57Hz","square","P1",-20.8116439038144,-51.5106262243124,0.462648666666667
"Leipzig","8.57Hz","square","P3",-41.9542731897285,-51.8092126664904,0.436110666666667
"Leipzig","8.57Hz","square","P5",-62.8929681582845,-54.6720231218949,0.642336666666667
"Leipzig","8.57Hz","square","P7",-82.6993351989959,-60.0845840598412,0.911749333333333
"Leipzig","8.57Hz","square","P9",-103.374573507242,-75.1060239674276,1.06269266666667
"Leipzig","8.57Hz","square","PO7",-60.0845840598412,-82.6993351989959,1.65959466666667
"Leipzig","8.57Hz","square","PO3",-34.7485187168438,-74.5184388657274,1.05502266666667
"Leipzig","8.57Hz","square","O1",-31.5883351989959,-97.2188992087232,2.299724
"Leipzig","8.57Hz","square","Iz",1.5648291870145e-14,-127.778,3.19400333333333
"Leipzig","8.57Hz","square","Oz",1.25185845102441e-14,-102.222,2.81743866666667
"Leipzig","8.57Hz","square","POz",9.3888771503431e-15,-76.666,1.070752
"Leipzig","8.57Hz","square","Pz",6.25941471980195e-15,-51.112,0.5162046
"Leipzig","8.57Hz","square","CPz",3.12970735990098e-15,-25.556,0.709713333333333
"Leipzig","8.57Hz","square","Fpz",0,102.222,0.797006
"Leipzig","8.57Hz","square","Fp2",31.5883351989959,97.2188992087232,0.763720666666667
"Leipzig","8.57Hz","square","AF8",60.0845840598412,82.6993351989959,0.747274
"Leipzig","8.57Hz","square","AF4",34.7485187168438,74.5184388657274,0.860619333333333
"Leipzig","8.57Hz","square","Afz",0,76.666,0.876394
"Leipzig","8.57Hz","square","Fz",0,51.112,0.92289
"Leipzig","8.57Hz","square","F2",20.8116439038144,51.5106262243125,0.9322
"Leipzig","8.57Hz","square","F4",41.9542731897285,51.8092126664904,0.87317
"Leipzig","8.57Hz","square","F6",62.8929681582845,54.6720231218949,0.75495
"Leipzig","8.57Hz","square","F8",82.6993351989959,60.0845840598412,0.6570182
"Leipzig","8.57Hz","square","FT8",97.2188992087232,31.5883351989959,0.570376666666667
"Leipzig","8.57Hz","square","FC6",74.6864341197762,28.669435963624,0.629277333333333
"Leipzig","8.57Hz","square","FC4",49.0530364688705,26.081962142133,0.785721333333333
"Leipzig","8.57Hz","square","FC2",25.1418887118689,25.1418887118689,0.887881333333333
"Leipzig","8.57Hz","square","FCz",0,25.556,0.915912666666667
"Leipzig","8.57Hz","square","Cz",0,0,0.837435333333333
"Leipzig","8.57Hz","square","C2",25.556,1.56485367995049e-15,0.781033333333333
"Leipzig","8.57Hz","square","C4",51.112,3.12970735990098e-15,0.642357333333333
"Leipzig","8.57Hz","square","C6",76.666,4.69443857517155e-15,0.482382
"Leipzig","8.57Hz","square","T8",102.222,6.25929225512204e-15,2.41542266666667
"Leipzig","8.57Hz","square","TP8",97.2188992087232,-31.5883351989959,0.587927333333333
"Leipzig","8.57Hz","square","CP6",74.6864341197762,-28.669435963624,0.49898
"Leipzig","8.57Hz","square","CP4",49.0530364688705,-26.081962142133,0.526662
"Leipzig","8.57Hz","square","CP2",25.1418887118689,-25.1418887118689,0.612980666666667
"Leipzig","8.57Hz","square","P2",20.8116439038144,-51.5106262243124,0.522362
"Leipzig","8.57Hz","square","P4",41.9542731897285,-51.8092126664904,0.599435
"Leipzig","8.57Hz","square","P6",62.8929681582845,-54.6720231218949,0.837010666666667
"Leipzig","8.57Hz","square","P8",82.6993351989959,-60.0845840598412,1.14967066666667
"Leipzig","8.57Hz","square","P10",103.374573507242,-75.1060239674276,1.17433466666667
"Leipzig","8.57Hz","square","PO8",60.0845840598412,-82.6993351989959,1.96504
"Leipzig","8.57Hz","square","PO4",34.7485187168438,-74.5184388657274,1.15492933333333
"Leipzig","8.57Hz","square","O2",31.5883351989959,-97.2188992087232,2.364918
"Leipzig","8.57Hz","sine","Fp1",-31.5883351989959,97.2188992087232,0.511355666666667
"Leipzig","8.57Hz","sine","AF7",-60.0845840598412,82.6993351989959,0.471499333333333
"Leipzig","8.57Hz","sine","AF3",-34.7485187168438,74.5184388657274,0.597317333333333
"Leipzig","8.57Hz","sine","F1",-20.8116439038144,51.5106262243125,0.661994
"Leipzig","8.57Hz","sine","F3",-41.9542731897285,51.8092126664904,0.581198666666667
"Leipzig","8.57Hz","sine","F5",-62.8929681582845,54.6720231218949,0.494545333333333
"Leipzig","8.57Hz","sine","F7",-82.6993351989959,60.0845840598412,0.418188666666667
"Leipzig","8.57Hz","sine","FT7",-97.2188992087232,31.5883351989959,0.325181466666667
"Leipzig","8.57Hz","sine","FC5",-74.6864341197762,28.669435963624,0.388349333333333
"Leipzig","8.57Hz","sine","FC3",-49.0530364688705,26.081962142133,0.508550666666667
"Leipzig","8.57Hz","sine","FC1",-25.1418887118689,25.1418887118689,0.629335333333333
"Leipzig","8.57Hz","sine","C1",-25.556,1.56485367995049e-15,0.515038666666667
"Leipzig","8.57Hz","sine","C3",-51.112,3.12970735990098e-15,0.383949666666667
"Leipzig","8.57Hz","sine","C5",-76.666,4.69443857517155e-15,0.260000066666667
"Leipzig","8.57Hz","sine","T7",-102.222,6.25929225512204e-15,1.753314
"Leipzig","8.57Hz","sine","TP7",-97.2188992087232,-31.5883351989959,0.3600512
"Leipzig","8.57Hz","sine","CP5",-74.6864341197762,-28.669435963624,0.247943133333333
"Leipzig","8.57Hz","sine","CP3",-49.0530364688705,-26.081962142133,0.287229666666667
"Leipzig","8.57Hz","sine","CP1",-25.1418887118689,-25.1418887118689,0.3718462
"Leipzig","8.57Hz","sine","P1",-20.8116439038144,-51.5106262243124,0.333984
"Leipzig","8.57Hz","sine","P3",-41.9542731897285,-51.8092126664904,0.350542
"Leipzig","8.57Hz","sine","P5",-62.8929681582845,-54.6720231218949,0.512678666666667
"Leipzig","8.57Hz","sine","P7",-82.6993351989959,-60.0845840598412,0.704976
"Leipzig","8.57Hz","sine","P9",-103.374573507242,-75.1060239674276,0.767892
"Leipzig","8.57Hz","sine","PO7",-60.0845840598412,-82.6993351989959,1.202166
"Leipzig","8.57Hz","sine","PO3",-34.7485187168438,-74.5184388657274,0.764820666666667
"Leipzig","8.57Hz","sine","O1",-31.5883351989959,-97.2188992087232,1.674122
"Leipzig","8.57Hz","sine","Iz",1.5648291870145e-14,-127.778,2.21147
"Leipzig","8.57Hz","sine","Oz",1.25185845102441e-14,-102.222,1.94937733333333
"Leipzig","8.57Hz","sine","POz",9.3888771503431e-15,-76.666,0.704301333333333
"Leipzig","8.57Hz","sine","Pz",6.25941471980195e-15,-51.112,0.356367933333333
"Leipzig","8.57Hz","sine","CPz",3.12970735990098e-15,-25.556,0.483930666666667
"Leipzig","8.57Hz","sine","Fpz",0,102.222,0.543879733333333
"Leipzig","8.57Hz","sine","Fp2",31.5883351989959,97.2188992087232,0.523399533333333
"Leipzig","8.57Hz","sine","AF8",60.0845840598412,82.6993351989959,0.5129642
"Leipzig","8.57Hz","sine","AF4",34.7485187168438,74.5184388657274,0.606008666666667
"Leipzig","8.57Hz","sine","Afz",0,76.666,0.628188
"Leipzig","8.57Hz","sine","Fz",0,51.112,0.685898666666667
"Leipzig","8.57Hz","sine","F2",20.8116439038144,51.5106262243125,0.675907333333333
"Leipzig","8.57Hz","sine","F4",41.9542731897285,51.8092126664904,0.618808
"Leipzig","8.57Hz","sine","F6",62.8929681582845,54.6720231218949,0.567308666666667
"Leipzig","8.57Hz","sine","F8",82.6993351989959,60.0845840598412,0.478512
"Leipzig","8.57Hz","sine","FT8",97.2188992087232,31.5883351989959,0.392114
"Leipzig","8.57Hz","sine","FC6",74.6864341197762,28.669435963624,0.441599333333333
"Leipzig","8.57Hz","sine","FC4",49.0530364688705,26.081962142133,0.549788666666667
"Leipzig","8.57Hz","sine","FC2",25.1418887118689,25.1418887118689,0.657392
"Leipzig","8.57Hz","sine","FCz",0,25.556,0.695341333333333
"Leipzig","8.57Hz","sine","Cz",0,0,0.616812066666667
"Leipzig","8.57Hz","sine","C2",25.556,1.56485367995049e-15,0.545118666666667
"Leipzig","8.57Hz","sine","C4",51.112,3.12970735990098e-15,0.4361696
"Leipzig","8.57Hz","sine","C6",76.666,4.69443857517155e-15,0.337904
"Leipzig","8.57Hz","sine","T8",102.222,6.25929225512204e-15,1.69718866666667
"Leipzig","8.57Hz","sine","TP8",97.2188992087232,-31.5883351989959,0.413537333333333
"Leipzig","8.57Hz","sine","CP6",74.6864341197762,-28.669435963624,0.356624
"Leipzig","8.57Hz","sine","CP4",49.0530364688705,-26.081962142133,0.372833133333333
"Leipzig","8.57Hz","sine","CP2",25.1418887118689,-25.1418887118689,0.423694
"Leipzig","8.57Hz","sine","P2",20.8116439038144,-51.5106262243124,0.348840933333333
"Leipzig","8.57Hz","sine","P4",41.9542731897285,-51.8092126664904,0.412787933333333
"Leipzig","8.57Hz","sine","P6",62.8929681582845,-54.6720231218949,0.576971333333333
"Leipzig","8.57Hz","sine","P8",82.6993351989959,-60.0845840598412,0.787027333333333
"Leipzig","8.57Hz","sine","P10",103.374573507242,-75.1060239674276,0.780956
"Leipzig","8.57Hz","sine","PO8",60.0845840598412,-82.6993351989959,1.36635133333333
"Leipzig","8.57Hz","sine","PO4",34.7485187168438,-74.5184388657274,0.791330666666667
"Leipzig","8.57Hz","sine","O2",31.5883351989959,-97.2188992087232,1.670574
"Leipzig","15Hz","square","Fp1",-31.5883351989959,97.2188992087232,0.3024042
"Leipzig","15Hz","square","AF7",-60.0845840598412,82.6993351989959,0.288912666666667
"Leipzig","15Hz","square","AF3",-34.7485187168438,74.5184388657274,0.269868666666667
"Leipzig","15Hz","square","F1",-20.8116439038144,51.5106262243125,0.2624514
"Leipzig","15Hz","square","F3",-41.9542731897285,51.8092126664904,0.261705333333333
"Leipzig","15Hz","square","F5",-62.8929681582845,54.6720231218949,0.262132466666667
"Leipzig","15Hz","square","F7",-82.6993351989959,60.0845840598412,0.293407333333333
"Leipzig","15Hz","square","FT7",-97.2188992087232,31.5883351989959,0.260641133333333
"Leipzig","15Hz","square","FC5",-74.6864341197762,28.669435963624,0.219774066666667
"Leipzig","15Hz","square","FC3",-49.0530364688705,26.081962142133,0.232999933333333
"Leipzig","15Hz","square","FC1",-25.1418887118689,25.1418887118689,0.252229
"Leipzig","15Hz","square","C1",-25.556,1.56485367995049e-15,0.245006
"Leipzig","15Hz","square","C3",-51.112,3.12970735990098e-15,0.209256533333333
"Leipzig","15Hz","square","C5",-76.666,4.69443857517155e-15,0.191720066666667
"Leipzig","15Hz","square","T7",-102.222,6.25929225512204e-15,1.03781266666667
"Leipzig","15Hz","square","TP7",-97.2188992087232,-31.5883351989959,0.275921333333333
"Leipzig","15Hz","square","CP5",-74.6864341197762,-28.669435963624,0.236224666666667
"Leipzig","15Hz","square","CP3",-49.0530364688705,-26.081962142133,0.248219666666667
"Leipzig","15Hz","square","CP1",-25.1418887118689,-25.1418887118689,0.262894
"Leipzig","15Hz","square","P1",-20.8116439038144,-51.5106262243124,0.322518866666667
"Leipzig","15Hz","square","P3",-41.9542731897285,-51.8092126664904,0.3384406
"Leipzig","15Hz","square","P5",-62.8929681582845,-54.6720231218949,0.373722666666667
"Leipzig","15Hz","square","P7",-82.6993351989959,-60.0845840598412,0.385601466666667
"Leipzig","15Hz","square","P9",-103.374573507242,-75.1060239674276,0.418120466666667
"Leipzig","15Hz","square","PO7",-60.0845840598412,-82.6993351989959,0.655497333333333
"Leipzig","15Hz","square","PO3",-34.7485187168438,-74.5184388657274,0.495048666666667
"Leipzig","15Hz","square","O1",-31.5883351989959,-97.2188992087232,0.794288
"Leipzig","15Hz","square","Iz",1.5648291870145e-14,-127.778,1.66160466666667
"Leipzig","15Hz","square","Oz",1.25185845102441e-14,-102.222,1.33947333333333
"Leipzig","15Hz","square","POz",9.3888771503431e-15,-76.666,0.548245933333333
"Leipzig","15Hz","square","Pz",6.25941471980195e-15,-51.112,0.3234022
"Leipzig","15Hz","square","CPz",3.12970735990098e-15,-25.556,0.289468266666667
"Leipzig","15Hz","square","Fpz",0,102.222,0.280678133333333
"Leipzig","15Hz","square","Fp2",31.5883351989959,97.2188992087232,0.293781333333333
"Leipzig","15Hz","square","AF8",60.0845840598412,82.6993351989959,0.286121
"Leipzig","15Hz","square","AF4",34.7485187168438,74.5184388657274,0.273994666666667
"Leipzig","15Hz","square","Afz",0,76.666,0.273081333333333
"Leipzig","15Hz","square","Fz",0,51.112,0.2603172
"Leipzig","15Hz","square","F2",20.8116439038144,51.5106262243125,0.268687666666667
"Leipzig","15Hz","square","F4",41.9542731897285,51.8092126664904,0.2638984
"Leipzig","15Hz","square","F6",62.8929681582845,54.6720231218949,0.265841666666667
"Leipzig","15Hz","square","F8",82.6993351989959,60.0845840598412,0.287313066666667
"Leipzig","15Hz","square","FT8",97.2188992087232,31.5883351989959,0.268344866666667
"Leipzig","15Hz","square","FC6",74.6864341197762,28.669435963624,0.2405682
"Leipzig","15Hz","square","FC4",49.0530364688705,26.081962142133,0.244686266666667
"Leipzig","15Hz","square","FC2",25.1418887118689,25.1418887118689,0.261082666666667
"Leipzig","15Hz","square","FCz",0,25.556,0.265095333333333
"Leipzig","15Hz","square","Cz",0,0,0.252049933333333
"Leipzig","15Hz","square","C2",25.556,1.56485367995049e-15,0.2638532
"Leipzig","15Hz","square","C4",51.112,3.12970735990098e-15,0.2477554
"Leipzig","15Hz","square","C6",76.666,4.69443857517155e-15,0.2198674
"Leipzig","15Hz","square","T8",102.222,6.25929225512204e-15,0.912369333333333
"Leipzig","15Hz","square","TP8",97.2188992087232,-31.5883351989959,0.358087466666667
"Leipzig","15Hz","square","CP6",74.6864341197762,-28.669435963624,0.305603666666667
"Leipzig","15Hz","square","CP4",49.0530364688705,-26.081962142133,0.284062666666667
"Leipzig","15Hz","square","CP2",25.1418887118689,-25.1418887118689,0.286370866666667
"Leipzig","15Hz","square","P2",20.8116439038144,-51.5106262243124,0.335175333333333
"Leipzig","15Hz","square","P4",41.9542731897285,-51.8092126664904,0.382317333333333
"Leipzig","15Hz","square","P6",62.8929681582845,-54.6720231218949,0.507644666666667
"Leipzig","15Hz","square","P8",82.6993351989959,-60.0845840598412,0.6214872
"Leipzig","15Hz","square","P10",103.374573507242,-75.1060239674276,0.572802666666667
"Leipzig","15Hz","square","PO8",60.0845840598412,-82.6993351989959,0.948927133333333
"Leipzig","15Hz","square","PO4",34.7485187168438,-74.5184388657274,0.589538
"Leipzig","15Hz","square","O2",31.5883351989959,-97.2188992087232,0.930714
"Leipzig","15Hz","sine","Fp1",-31.5883351989959,97.2188992087232,0.242619666666667
"Leipzig","15Hz","sine","AF7",-60.0845840598412,82.6993351989959,0.229387133333333
"Leipzig","15Hz","sine","AF3",-34.7485187168438,74.5184388657274,0.213132666666667
"Leipzig","15Hz","sine","F1",-20.8116439038144,51.5106262243125,0.197125466666667
"Leipzig","15Hz","sine","F3",-41.9542731897285,51.8092126664904,0.189710333333333
"Leipzig","15Hz","sine","F5",-62.8929681582845,54.6720231218949,0.2022316
"Leipzig","15Hz","sine","F7",-82.6993351989959,60.0845840598412,0.234688666666667
"Leipzig","15Hz","sine","FT7",-97.2188992087232,31.5883351989959,0.2115434
"Leipzig","15Hz","sine","FC5",-74.6864341197762,28.669435963624,0.191147266666667
"Leipzig","15Hz","sine","FC3",-49.0530364688705,26.081962142133,0.180490266666667
"Leipzig","15Hz","sine","FC1",-25.1418887118689,25.1418887118689,0.1978198
"Leipzig","15Hz","sine","C1",-25.556,1.56485367995049e-15,0.1944282
"Leipzig","15Hz","sine","C3",-51.112,3.12970735990098e-15,0.163794333333333
"Leipzig","15Hz","sine","C5",-76.666,4.69443857517155e-15,0.173541466666667
"Leipzig","15Hz","sine","T7",-102.222,6.25929225512204e-15,1.02872466666667
"Leipzig","15Hz","sine","TP7",-97.2188992087232,-31.5883351989959,0.281822
"Leipzig","15Hz","sine","CP5",-74.6864341197762,-28.669435963624,0.203935933333333
"Leipzig","15Hz","sine","CP3",-49.0530364688705,-26.081962142133,0.185354066666667
"Leipzig","15Hz","sine","CP1",-25.1418887118689,-25.1418887118689,0.186471133333333
"Leipzig","15Hz","sine","P1",-20.8116439038144,-51.5106262243124,0.2647404
"Leipzig","15Hz","sine","P3",-41.9542731897285,-51.8092126664904,0.283472666666667
"Leipzig","15Hz","sine","P5",-62.8929681582845,-54.6720231218949,0.327948333333333
"Leipzig","15Hz","sine","P7",-82.6993351989959,-60.0845840598412,0.3757818
"Leipzig","15Hz","sine","P9",-103.374573507242,-75.1060239674276,0.426233266666667
"Leipzig","15Hz","sine","PO7",-60.0845840598412,-82.6993351989959,0.622733333333333
"Leipzig","15Hz","sine","PO3",-34.7485187168438,-74.5184388657274,0.451442
"Leipzig","15Hz","sine","O1",-31.5883351989959,-97.2188992087232,0.811491333333333
"Leipzig","15Hz","sine","Iz",1.5648291870145e-14,-127.778,1.67502466666667
"Leipzig","15Hz","sine","Oz",1.25185845102441e-14,-102.222,1.36617066666667
"Leipzig","15Hz","sine","POz",9.3888771503431e-15,-76.666,0.542681666666667
"Leipzig","15Hz","sine","Pz",6.25941471980195e-15,-51.112,0.251153733333333
"Leipzig","15Hz","sine","CPz",3.12970735990098e-15,-25.556,0.2262328
"Leipzig","15Hz","sine","Fpz",0,102.222,0.2295894
"Leipzig","15Hz","sine","Fp2",31.5883351989959,97.2188992087232,0.2596502
"Leipzig","15Hz","sine","AF8",60.0845840598412,82.6993351989959,0.259443733333333
"Leipzig","15Hz","sine","AF4",34.7485187168438,74.5184388657274,0.225907266666667
"Leipzig","15Hz","sine","Afz",0,76.666,0.2174926
"Leipzig","15Hz","sine","Fz",0,51.112,0.212030333333333
"Leipzig","15Hz","sine","F2",20.8116439038144,51.5106262243125,0.216710866666667
"Leipzig","15Hz","sine","F4",41.9542731897285,51.8092126664904,0.2094734
"Leipzig","15Hz","sine","F6",62.8929681582845,54.6720231218949,0.225348133333333
"Leipzig","15Hz","sine","F8",82.6993351989959,60.0845840598412,0.2678744
"Leipzig","15Hz","sine","FT8",97.2188992087232,31.5883351989959,0.239577133333333
"Leipzig","15Hz","sine","FC6",74.6864341197762,28.669435963624,0.219806
"Leipzig","15Hz","sine","FC4",49.0530364688705,26.081962142133,0.231658066666667
"Leipzig","15Hz","sine","FC2",25.1418887118689,25.1418887118689,0.2255922
"Leipzig","15Hz","sine","FCz",0,25.556,0.2185698
"Leipzig","15Hz","sine","Cz",0,0,0.227953533333333
"Leipzig","15Hz","sine","C2",25.556,1.56485367995049e-15,0.241901666666667
"Leipzig","15Hz","sine","C4",51.112,3.12970735990098e-15,0.243546
"Leipzig","15Hz","sine","C6",76.666,4.69443857517155e-15,0.2453628
"Leipzig","15Hz","sine","T8",102.222,6.25929225512204e-15,0.8837058
"Leipzig","15Hz","sine","TP8",97.2188992087232,-31.5883351989959,0.348998666666667
"Leipzig","15Hz","sine","CP6",74.6864341197762,-28.669435963624,0.315512333333333
"Leipzig","15Hz","sine","CP4",49.0530364688705,-26.081962142133,0.2687328
"Leipzig","15Hz","sine","CP2",25.1418887118689,-25.1418887118689,0.244243133333333
"Leipzig","15Hz","sine","P2",20.8116439038144,-51.5106262243124,0.2705144
"Leipzig","15Hz","sine","P4",41.9542731897285,-51.8092126664904,0.316639
"Leipzig","15Hz","sine","P6",62.8929681582845,-54.6720231218949,0.443507333333333
"Leipzig","15Hz","sine","P8",82.6993351989959,-60.0845840598412,0.576307333333333
"Leipzig","15Hz","sine","P10",103.374573507242,-75.1060239674276,0.5097746
"Leipzig","15Hz","sine","PO8",60.0845840598412,-82.6993351989959,0.831011333333333
"Leipzig","15Hz","sine","PO4",34.7485187168438,-74.5184388657274,0.511720733333333
"Leipzig","15Hz","sine","O2",31.5883351989959,-97.2188992087232,0.832883066666667
