"lab","freq","mod","electrode","x","y","amplitudeSNR"
"Florida","6Hz","square","E1",86.719831310897,82.7208230943671,5.12768102290553
"Florida","6Hz","square","E2",60.5117564493148,76.717478004812,5.66596845387275
"Florida","6Hz","square","E3",35.2634825458284,69.6677676887961,5.62242338130202
"Florida","6Hz","square","E4",23.6192388587642,58.8318312797812,5.59324869477017
"Florida","6Hz","square","E5",11.4069836172611,43.8485528695707,5.50178642907418
"Florida","6Hz","square","E6",0,28.614,5.71162761150226
"Florida","6Hz","square","E7",-9.06629877496366,11.5485593631021,5.55670800461979
"Florida","6Hz","square","E8",51.097415472918,96.8083637295249,6.00584113491549
"Florida","6Hz","square","E9",26.8737792539972,88.585411736964,5.83377263779197
"Florida","6Hz","square","E10",16.0697667431522,76.4350039760624,5.73469358295372
"Florida","6Hz","square","E11",0,64.048,5.66689344567233
"Florida","6Hz","square","E12",-11.4069836172611,43.8485528695707,5.55088275862194
"Florida","6Hz","square","E13",-18.7176485153145,25.0067456910559,5.71559227880443
"Florida","6Hz","square","E14",14.1187002915317,105.342066422099,6.11018938803845
"Florida","6Hz","square","E15",0,90.726,5.84174071542648
"Florida","6Hz","square","E16",0,79.014,5.51118082501075
"Florida","6Hz","square","E17",0,114.908,5.87479057676329
"Florida","6Hz","square","E18",-16.0697667431522,76.4350039760624,5.1619174410946
"Florida","6Hz","square","E19",-23.6192388587642,58.8318312797812,5.27742234589344
"Florida","6Hz","square","E20",-31.3121246459833,41.9182840077502,5.10479474709207
"Florida","6Hz","square","E21",-14.1187002915317,105.342066422099,5.9391988515097
"Florida","6Hz","square","E22",-26.8737792539972,88.585411736964,5.96035809381946
"Florida","6Hz","square","E23",-35.2634825458284,69.6677676887961,5.38371792396471
"Florida","6Hz","square","E24",-39.5281102525102,53.3724044414846,5.30351168026188
"Florida","6Hz","square","E25",-51.097415472918,96.8083637295249,6.13940274047149
"Florida","6Hz","square","E26",-60.5117564493148,76.717478004812,5.58465749064927
"Florida","6Hz","square","E27",-56.2717346283799,54.0022587112168,5.04186633654082
"Florida","6Hz","square","E28",-50.0298983002845,37.5034658673461,5.15530679540524
"Florida","6Hz","square","E29",-39.6304283909149,22.4510456227002,5.51002595227658
"Florida","6Hz","square","E30",-28.5960902390953,7.43167134886356,5.84573159804575
"Florida","6Hz","square","E31",-14.2590609871468,-4.99065843399723,5.72768296536503
"Florida","6Hz","square","E32",-86.719831310897,82.7208230943671,5.32567494299785
"Florida","6Hz","square","E33",-86.5427774390136,55.8179182444255,5.24554138385886
"Florida","6Hz","square","E34",-73.2735964589411,31.8739532843394,5.19398666567441
"Florida","6Hz","square","E35",-58.7070104036568,13.6367088941921,5.00982727372915
"Florida","6Hz","square","E36",-45.139000940819,2.34746545549408,5.74105441254926
"Florida","6Hz","square","E37",-29.3939238752213,-11.4188613800894,5.81101880895521
"Florida","6Hz","square","E38",-111.066561880691,61.2336542760814,5.22474598220979
"Florida","6Hz","square","E39",-106.979294016482,12.6447944916077,5.02601114399794
"Florida","6Hz","square","E40",-82.0312253490634,0.356499272328901,4.99123874086599
"Florida","6Hz","square","E41",-62.3658981365752,-7.23363018257962,5.26732088469593
"Florida","6Hz","square","E42",-48.4277069849025,-19.0176228846936,5.41947417203253
"Florida","6Hz","square","E43",-132.385776483018,49.089223063604,5.48341769938031
"Florida","6Hz","square","E44",-127.856243406767,23.8953117140088,4.97629919024426
"Florida","6Hz","square","E45",-102.023724252225,-26.0624191069444,5.1603075402972
"Florida","6Hz","square","E46",-77.0757795587277,-24.2279722926707,5.34480218887073
"Florida","6Hz","square","E47",-61.3490707363697,-27.4299165836118,5.63359054220109
"Florida","6Hz","square","E48",-147.073602828489,55.1905344696692,5.61270487560374
"Florida","6Hz","square","E49",-148.427539841507,9.81951733019121,5.49591240817498
"Florida","6Hz","square","E50",-87.6147402607277,-51.9804690729627,5.79750203384227
"Florida","6Hz","square","E51",-64.3973497966683,-45.8325114211031,5.63672760362455
"Florida","6Hz","square","E52",-49.3286473753904,-38.0293353099208,5.77741931552853
"Florida","6Hz","square","E53",-31.8703858461666,-30.6802729781934,5.84171666123041
"Florida","6Hz","square","E54",-16.3380561246601,-24.5721384105547,6.22040115267504
"Florida","6Hz","square","E55",1.86009153028893e-15,-15.1888,5.83414374008044
"Florida","6Hz","square","E56",-134.514184844694,-53.5568924748948,5.65245738457873
"Florida","6Hz","square","E57",-107.771903337525,-61.2478444600876,5.72591434612801
"Florida","6Hz","square","E58",-72.0824426385969,-68.7392048197634,6.00508420488956
"Florida","6Hz","square","E59",-49.0164711950736,-60.6384229311954,6.41300234243049
"Florida","6Hz","square","E60",-33.5739711579434,-49.4397118183913,6.42923113105273
"Florida","6Hz","square","E61",-17.5616376782163,-41.0535015078989,6.48413373610505
"Florida","6Hz","square","E62",6.24863782796946e-15,-51.024,6.77613908647987
"Florida","6Hz","square","E63",-111.844618176326,-90.215004411638,6.02075766893116
"Florida","6Hz","square","E64",-82.7166311762146,-89.8591836311575,5.56641520806708
"Florida","6Hz","square","E65",-53.2724548220446,-83.4923179534095,6.59485473612852
"Florida","6Hz","square","E66",-32.9982073155436,-70.0930032026051,6.21538698482784
"Florida","6Hz","square","E67",-14.9843695227892,-59.7435310808167,6.57667678265178
"Florida","6Hz","square","E68",-70.8544927411257,-119.808404222733,6.45009418072668
"Florida","6Hz","square","E69",-50.7971288111611,-109.433046236237,5.86166937132216
"Florida","6Hz","square","E70",-29.8089612459443,-93.6860097636664,7.15500449229086
"Florida","6Hz","square","E71",-12.5941162529112,-75.6650426009803,7.99219269649104
"Florida","6Hz","square","E72",8.04078595384169e-15,-65.658,7.60162817424084
"Florida","6Hz","square","E73",-34.2137515878335,-132.964697639208,7.13910848108554
"Florida","6Hz","square","E74",-15.7052501655887,-118.019611578908,7.79093932049921
"Florida","6Hz","square","E75",1.18239648457677e-14,-96.55,10.2694638002854
"Florida","6Hz","square","E76",12.5941162529112,-75.6650426009803,8.75043455366029
"Florida","6Hz","square","E77",14.9843695227892,-59.7435310808167,8.21230900975401
"Florida","6Hz","square","E78",17.5616376782163,-41.0535015078989,6.63824589093077
"Florida","6Hz","square","E79",16.3380561246601,-24.5721384105547,6.11060744227432
"Florida","6Hz","square","E80",14.2590609871468,-4.99065843399723,5.29323817360385
"Florida","6Hz","square","E81",1.66253150865048e-14,-135.756,6.85390545258532
"Florida","6Hz","square","E82",15.7052501655887,-118.019611578908,7.39609093066612
"Florida","6Hz","square","E83",29.8089612459443,-93.6860097636664,7.92004831060844
"Florida","6Hz","square","E84",32.9982073155436,-70.0930032026051,6.84663647400142
"Florida","6Hz","square","E85",33.5739711579434,-49.4397118183913,6.20353739956695
"Florida","6Hz","square","E86",31.8703858461666,-30.6802729781934,6.47633159622063
"Florida","6Hz","square","E87",29.3939238752213,-11.4188613800894,5.96556663570952
"Florida","6Hz","square","E88",34.2137515878335,-132.964697639208,6.20256237926671
"Florida","6Hz","square","E89",50.7971288111611,-109.433046236237,5.69183683466586
"Florida","6Hz","square","E90",53.2724548220446,-83.4923179534095,5.97729896513407
"Florida","6Hz","square","E91",49.0164711950736,-60.6384229311954,6.7341286698004
"Florida","6Hz","square","E92",49.3286473753904,-38.0293353099208,6.35306976072523
"Florida","6Hz","square","E93",48.4277069849025,-19.0176228846936,5.70590329428304
"Florida","6Hz","square","E94",70.8544927411257,-119.808404222733,6.17967062291123
"Florida","6Hz","square","E95",82.7166311762146,-89.8591836311575,5.46485738582314
"Florida","6Hz","square","E96",72.0824426385969,-68.7392048197634,6.73607176794644
"Florida","6Hz","square","E97",64.3973497966683,-45.8325114211031,6.02871072537856
"Florida","6Hz","square","E98",61.3490707363697,-27.4299165836118,5.61397025921044
"Florida","6Hz","square","E99",111.844618176326,-90.215004411638,5.53407949138102
"Florida","6Hz","square","E100",107.771903337525,-61.2478444600876,5.19245246964081
"Florida","6Hz","square","E101",87.6147402607277,-51.9804690729627,5.68250125411559
"Florida","6Hz","square","E102",77.0757795587277,-24.2279722926707,5.36404038465622
"Florida","6Hz","square","E103",62.3658981365752,-7.23363018257962,5.19767881221433
"Florida","6Hz","square","E104",45.139000940819,2.34746545549408,5.8746248796955
"Florida","6Hz","square","E105",28.5960902390953,7.43167134886356,5.79339235576645
"Florida","6Hz","square","E106",9.06629877496366,11.5485593631021,5.68212287429639
"Florida","6Hz","square","E107",134.514184844694,-53.5568924748948,5.59397096899287
"Florida","6Hz","square","E108",102.023724252225,-26.0624191069444,5.2307085479867
"Florida","6Hz","square","E109",82.0312253490634,0.356499272328901,5.46582026377923
"Florida","6Hz","square","E110",58.7070104036568,13.6367088941921,4.94283166661925
"Florida","6Hz","square","E111",39.6304283909149,22.4510456227002,5.53978260298832
"Florida","6Hz","square","E112",18.7176485153145,25.0067456910559,5.85330667323195
"Florida","6Hz","square","E113",148.427539841507,9.81951733019121,5.68703400081467
"Florida","6Hz","square","E114",127.856243406767,23.8953117140088,5.06530013161158
"Florida","6Hz","square","E115",106.979294016482,12.6447944916077,5.01433801034866
"Florida","6Hz","square","E116",73.2735964589411,31.8739532843394,5.33229976535794
"Florida","6Hz","square","E117",50.0298983002845,37.5034658673461,5.64119670857523
"Florida","6Hz","square","E118",31.3121246459833,41.9182840077502,5.37368563688928
"Florida","6Hz","square","E119",147.073602828489,55.1905344696692,5.66896060010192
"Florida","6Hz","square","E120",132.385776483018,49.089223063604,5.64689864113575
"Florida","6Hz","square","E121",111.066561880691,61.2336542760814,5.12940181882664
"Florida","6Hz","square","E122",86.5427774390136,55.8179182444255,5.31108923632051
"Florida","6Hz","square","E123",56.2717346283799,54.0022587112168,5.0852377231082
"Florida","6Hz","square","E124",39.5281102525102,53.3724044414846,5.58549387505373
"Florida","6Hz","square","E125",107.29091960617,79.3302648808283,5.50753765543056
"Florida","6Hz","square","E126",71.1683422201787,126.406610434864,5.93039769400797
"Florida","6Hz","square","E127",-71.1683422201787,126.406610434864,6.26300460158318
"Florida","6Hz","square","E128",-107.29091960617,79.3302648808283,5.57240531354959
"Florida","6Hz","square","Cz",0,0,5.63054409412524
"Florida","6Hz","sine","E1",86.719831310897,82.7208230943671,5.28487531604981
"Florida","6Hz","sine","E2",60.5117564493148,76.717478004812,5.39555423186337
"Florida","6Hz","sine","E3",35.2634825458284,69.6677676887961,5.55428773521291
"Florida","6Hz","sine","E4",23.6192388587642,58.8318312797812,5.38777003962898
"Florida","6Hz","sine","E5",11.4069836172611,43.8485528695707,5.27736676859535
"Florida","6Hz","sine","E6",0,28.614,5.36283248673728
"Florida","6Hz","sine","E7",-9.06629877496366,11.5485593631021,5.57794958455515
"Florida","6Hz","sine","E8",51.097415472918,96.8083637295249,6.03222122241552
"Florida","6Hz","sine","E9",26.8737792539972,88.585411736964,6.02778854521122
"Florida","6Hz","sine","E10",16.0697667431522,76.4350039760624,5.77903445306036
"Florida","6Hz","sine","E11",0,64.048,5.58443209300375
"Florida","6Hz","sine","E12",-11.4069836172611,43.8485528695707,5.40362557180369
"Florida","6Hz","sine","E13",-18.7176485153145,25.0067456910559,5.50644799050869
"Florida","6Hz","sine","E14",14.1187002915317,105.342066422099,6.23645382494772
"Florida","6Hz","sine","E15",0,90.726,5.79395337515722
"Florida","6Hz","sine","E16",0,79.014,5.70047612684935
"Florida","6Hz","sine","E17",0,114.908,6.08722236294106
"Florida","6Hz","sine","E18",-16.0697667431522,76.4350039760624,5.34567830453502
"Florida","6Hz","sine","E19",-23.6192388587642,58.8318312797812,5.28964472384735
"Florida","6Hz","sine","E20",-31.3121246459833,41.9182840077502,5.0649370700944
"Florida","6Hz","sine","E21",-14.1187002915317,105.342066422099,5.97944260038266
"Florida","6Hz","sine","E22",-26.8737792539972,88.585411736964,5.90701934123702
"Florida","6Hz","sine","E23",-35.2634825458284,69.6677676887961,5.14848981834994
"Florida","6Hz","sine","E24",-39.5281102525102,53.3724044414846,5.20272390277206
"Florida","6Hz","sine","E25",-51.097415472918,96.8083637295249,6.15614745496091
"Florida","6Hz","sine","E26",-60.5117564493148,76.717478004812,5.74777696340174
"Florida","6Hz","sine","E27",-56.2717346283799,54.0022587112168,5.34412840292914
"Florida","6Hz","sine","E28",-50.0298983002845,37.5034658673461,4.88669416957874
"Florida","6Hz","sine","E29",-39.6304283909149,22.4510456227002,5.26244810645349
"Florida","6Hz","sine","E30",-28.5960902390953,7.43167134886356,5.45850732739061
"Florida","6Hz","sine","E31",-14.2590609871468,-4.99065843399723,5.51790654224833
"Florida","6Hz","sine","E32",-86.719831310897,82.7208230943671,5.5093066982215
"Florida","6Hz","sine","E33",-86.5427774390136,55.8179182444255,5.08119606413823
"Florida","6Hz","sine","E34",-73.2735964589411,31.8739532843394,5.22126850445385
"Florida","6Hz","sine","E35",-58.7070104036568,13.6367088941921,5.14032142622007
"Florida","6Hz","sine","E36",-45.139000940819,2.34746545549408,5.3598526881114
"Florida","6Hz","sine","E37",-29.3939238752213,-11.4188613800894,5.26533332653154
"Florida","6Hz","sine","E38",-111.066561880691,61.2336542760814,5.17291290575067
"Florida","6Hz","sine","E39",-106.979294016482,12.6447944916077,4.87809395868616
"Florida","6Hz","sine","E40",-82.0312253490634,0.356499272328901,4.83267230500241
"Florida","6Hz","sine","E41",-62.3658981365752,-7.23363018257962,5.20896517692765
"Florida","6Hz","sine","E42",-48.4277069849025,-19.0176228846936,5.13886860604834
"Florida","6Hz","sine","E43",-132.385776483018,49.089223063604,5.26319914663192
"Florida","6Hz","sine","E44",-127.856243406767,23.8953117140088,5.00933285547716
"Florida","6Hz","sine","E45",-102.023724252225,-26.0624191069444,4.90955684880462
"Florida","6Hz","sine","E46",-77.0757795587277,-24.2279722926707,5.13774748288936
"Florida","6Hz","sine","E47",-61.3490707363697,-27.4299165836118,5.2071612931348
"Florida","6Hz","sine","E48",-147.073602828489,55.1905344696692,5.11865313377657
"Florida","6Hz","sine","E49",-148.427539841507,9.81951733019121,5.12508001145502
"Florida","6Hz","sine","E50",-87.6147402607277,-51.9804690729627,5.45534748191133
"Florida","6Hz","sine","E51",-64.3973497966683,-45.8325114211031,5.33422272305223
"Florida","6Hz","sine","E52",-49.3286473753904,-38.0293353099208,5.27905663016028
"Florida","6Hz","sine","E53",-31.8703858461666,-30.6802729781934,5.43315164677711
"Florida","6Hz","sine","E54",-16.3380561246601,-24.5721384105547,5.744889389958
"Florida","6Hz","sine","E55",1.86009153028893e-15,-15.1888,5.33479663057312
"Florida","6Hz","sine","E56",-134.514184844694,-53.5568924748948,5.1693104216916
"Florida","6Hz","sine","E57",-107.771903337525,-61.2478444600876,5.42576256800382
"Florida","6Hz","sine","E58",-72.0824426385969,-68.7392048197634,5.60616636575207
"Florida","6Hz","sine","E59",-49.0164711950736,-60.6384229311954,5.8203167260588
"Florida","6Hz","sine","E60",-33.5739711579434,-49.4397118183913,5.79476462758367
"Florida","6Hz","sine","E61",-17.5616376782163,-41.0535015078989,5.96261322447321
"Florida","6Hz","sine","E62",6.24863782796946e-15,-51.024,6.29595238667378
"Florida","6Hz","sine","E63",-111.844618176326,-90.215004411638,5.50431935034134
"Florida","6Hz","sine","E64",-82.7166311762146,-89.8591836311575,5.09948823009501
"Florida","6Hz","sine","E65",-53.2724548220446,-83.4923179534095,5.82240743001592
"Florida","6Hz","sine","E66",-32.9982073155436,-70.0930032026051,5.84943449135766
"Florida","6Hz","sine","E67",-14.9843695227892,-59.7435310808167,6.11938661923722
"Florida","6Hz","sine","E68",-70.8544927411257,-119.808404222733,5.65358329567869
"Florida","6Hz","sine","E69",-50.7971288111611,-109.433046236237,5.84444941484413
"Florida","6Hz","sine","E70",-29.8089612459443,-93.6860097636664,6.45950012465527
"Florida","6Hz","sine","E71",-12.5941162529112,-75.6650426009803,6.61106244852869
"Florida","6Hz","sine","E72",8.04078595384169e-15,-65.658,6.82739234495662
"Florida","6Hz","sine","E73",-34.2137515878335,-132.964697639208,6.08865017616481
"Florida","6Hz","sine","E74",-15.7052501655887,-118.019611578908,6.80802289268251
"Florida","6Hz","sine","E75",1.18239648457677e-14,-96.55,8.38208725370854
"Florida","6Hz","sine","E76",12.5941162529112,-75.6650426009803,7.92157094785704
"Florida","6Hz","sine","E77",14.9843695227892,-59.7435310808167,7.22751176049866
"Florida","6Hz","sine","E78",17.5616376782163,-41.0535015078989,5.96903427264247
"Florida","6Hz","sine","E79",16.3380561246601,-24.5721384105547,5.45556766963487
"Florida","6Hz","sine","E80",14.2590609871468,-4.99065843399723,5.19835706834695
"Florida","6Hz","sine","E81",1.66253150865048e-14,-135.756,6.23154930340497
"Florida","6Hz","sine","E82",15.7052501655887,-118.019611578908,6.73238977889969
"Florida","6Hz","sine","E83",29.8089612459443,-93.6860097636664,7.38542939947464
"Florida","6Hz","sine","E84",32.9982073155436,-70.0930032026051,6.22055755035205
"Florida","6Hz","sine","E85",33.5739711579434,-49.4397118183913,5.87505826537057
"Florida","6Hz","sine","E86",31.8703858461666,-30.6802729781934,5.73086236063617
"Florida","6Hz","sine","E87",29.3939238752213,-11.4188613800894,5.36297589315817
"Florida","6Hz","sine","E88",34.2137515878335,-132.964697639208,5.82735842743899
"Florida","6Hz","sine","E89",50.7971288111611,-109.433046236237,5.57569966057992
"Florida","6Hz","sine","E90",53.2724548220446,-83.4923179534095,6.05296662931824
"Florida","6Hz","sine","E91",49.0164711950736,-60.6384229311954,6.29316227184271
"Florida","6Hz","sine","E92",49.3286473753904,-38.0293353099208,5.77502094111876
"Florida","6Hz","sine","E93",48.4277069849025,-19.0176228846936,5.36106787819054
"Florida","6Hz","sine","E94",70.8544927411257,-119.808404222733,5.55094330493422
"Florida","6Hz","sine","E95",82.7166311762146,-89.8591836311575,5.25350528822801
"Florida","6Hz","sine","E96",72.0824426385969,-68.7392048197634,6.25383789069936
"Florida","6Hz","sine","E97",64.3973497966683,-45.8325114211031,5.64607348038873
"Florida","6Hz","sine","E98",61.3490707363697,-27.4299165836118,5.69534801264747
"Florida","6Hz","sine","E99",111.844618176326,-90.215004411638,5.44312158594962
"Florida","6Hz","sine","E100",107.771903337525,-61.2478444600876,5.29392878894258
"Florida","6Hz","sine","E101",87.6147402607277,-51.9804690729627,5.51085512040961
"Florida","6Hz","sine","E102",77.0757795587277,-24.2279722926707,5.54643377673134
"Florida","6Hz","sine","E103",62.3658981365752,-7.23363018257962,5.26732823410075
"Florida","6Hz","sine","E104",45.139000940819,2.34746545549408,5.44668042185632
"Florida","6Hz","sine","E105",28.5960902390953,7.43167134886356,5.03461951847717
"Florida","6Hz","sine","E106",9.06629877496366,11.5485593631021,5.53823294866109
"Florida","6Hz","sine","E107",134.514184844694,-53.5568924748948,5.24060199335239
"Florida","6Hz","sine","E108",102.023724252225,-26.0624191069444,5.00729958410204
"Florida","6Hz","sine","E109",82.0312253490634,0.356499272328901,5.1724971395257
"Florida","6Hz","sine","E110",58.7070104036568,13.6367088941921,4.99529264189382
"Florida","6Hz","sine","E111",39.6304283909149,22.4510456227002,5.22791872318571
"Florida","6Hz","sine","E112",18.7176485153145,25.0067456910559,5.62312385534306
"Florida","6Hz","sine","E113",148.427539841507,9.81951733019121,5.12311821140831
"Florida","6Hz","sine","E114",127.856243406767,23.8953117140088,4.97272028641039
"Florida","6Hz","sine","E115",106.979294016482,12.6447944916077,5.1676511045016
"Florida","6Hz","sine","E116",73.2735964589411,31.8739532843394,4.90470470167219
"Florida","6Hz","sine","E117",50.0298983002845,37.5034658673461,5.35010776378304
"Florida","6Hz","sine","E118",31.3121246459833,41.9182840077502,5.2058317098994
"Florida","6Hz","sine","E119",147.073602828489,55.1905344696692,5.16930767309777
"Florida","6Hz","sine","E120",132.385776483018,49.089223063604,5.19525310683774
"Florida","6Hz","sine","E121",111.066561880691,61.2336542760814,5.15885238263804
"Florida","6Hz","sine","E122",86.5427774390136,55.8179182444255,5.18852838423497
"Florida","6Hz","sine","E123",56.2717346283799,54.0022587112168,5.08168042918528
"Florida","6Hz","sine","E124",39.5281102525102,53.3724044414846,5.32194584491868
"Florida","6Hz","sine","E125",107.29091960617,79.3302648808283,5.4753591778689
"Florida","6Hz","sine","E126",71.1683422201787,126.406610434864,5.63024226957977
"Florida","6Hz","sine","E127",-71.1683422201787,126.406610434864,5.98303034361527
"Florida","6Hz","sine","E128",-107.29091960617,79.3302648808283,5.62500577460895
"Florida","6Hz","sine","Cz",0,0,5.28590096670992
"Florida","8.57Hz","square","E1",86.719831310897,82.7208230943671,6.738662271474
"Florida","8.57Hz","square","E2",60.5117564493148,76.717478004812,6.27470007056569
"Florida","8.57Hz","square","E3",35.2634825458284,69.6677676887961,6.7119159145426
"Florida","8.57Hz","square","E4",23.6192388587642,58.8318312797812,6.65430552371216
"Florida","8.57Hz","square","E5",11.4069836172611,43.8485528695707,6.47815446685634
"Florida","8.57Hz","square","E6",0,28.614,6.81884191940011
"Florida","8.57Hz","square","E7",-9.06629877496366,11.5485593631021,7.35916804617277
"Florida","8.57Hz","square","E8",51.097415472918,96.8083637295249,6.99261654950092
"Florida","8.57Hz","square","E9",26.8737792539972,88.585411736964,6.66956679551487
"Florida","8.57Hz","square","E10",16.0697667431522,76.4350039760624,6.49210191068043
"Florida","8.57Hz","square","E11",0,64.048,6.28039614300307
"Florida","8.57Hz","square","E12",-11.4069836172611,43.8485528695707,6.56640179996545
"Florida","8.57Hz","square","E13",-18.7176485153145,25.0067456910559,6.69694027262953
"Florida","8.57Hz","square","E14",14.1187002915317,105.342066422099,7.19195271202297
"Florida","8.57Hz","square","E15",0,90.726,6.6730358950393
"Florida","8.57Hz","square","E16",0,79.014,6.20780323276998
"Florida","8.57Hz","square","E17",0,114.908,7.20644268668131
"Florida","8.57Hz","square","E18",-16.0697667431522,76.4350039760624,6.28040716863715
"Florida","8.57Hz","square","E19",-23.6192388587642,58.8318312797812,6.46638073284384
"Florida","8.57Hz","square","E20",-31.3121246459833,41.9182840077502,6.3372745638825
"Florida","8.57Hz","square","E21",-14.1187002915317,105.342066422099,7.17034903713248
"Florida","8.57Hz","square","E22",-26.8737792539972,88.585411736964,6.86628438240148
"Florida","8.57Hz","square","E23",-35.2634825458284,69.6677676887961,6.40310301647129
"Florida","8.57Hz","square","E24",-39.5281102525102,53.3724044414846,6.63332561194389
"Florida","8.57Hz","square","E25",-51.097415472918,96.8083637295249,7.10350207730309
"Florida","8.57Hz","square","E26",-60.5117564493148,76.717478004812,7.00911877273542
"Florida","8.57Hz","square","E27",-56.2717346283799,54.0022587112168,6.57120176422194
"Florida","8.57Hz","square","E28",-50.0298983002845,37.5034658673461,6.43069990333088
"Florida","8.57Hz","square","E29",-39.6304283909149,22.4510456227002,6.84916410984521
"Florida","8.57Hz","square","E30",-28.5960902390953,7.43167134886356,7.27549792534386
"Florida","8.57Hz","square","E31",-14.2590609871468,-4.99065843399723,7.15191813794606
"Florida","8.57Hz","square","E32",-86.719831310897,82.7208230943671,6.89555351254837
"Florida","8.57Hz","square","E33",-86.5427774390136,55.8179182444255,6.72767646746245
"Florida","8.57Hz","square","E34",-73.2735964589411,31.8739532843394,6.72044744621703
"Florida","8.57Hz","square","E35",-58.7070104036568,13.6367088941921,6.93501530658057
"Florida","8.57Hz","square","E36",-45.139000940819,2.34746545549408,7.54594163443415
"Florida","8.57Hz","square","E37",-29.3939238752213,-11.4188613800894,7.03194794021591
"Florida","8.57Hz","square","E38",-111.066561880691,61.2336542760814,7.04374668882752
"Florida","8.57Hz","square","E39",-106.979294016482,12.6447944916077,7.03591508972772
"Florida","8.57Hz","square","E40",-82.0312253490634,0.356499272328901,6.63413292621439
"Florida","8.57Hz","square","E41",-62.3658981365752,-7.23363018257962,6.60873757176084
"Florida","8.57Hz","square","E42",-48.4277069849025,-19.0176228846936,6.75559228382115
"Florida","8.57Hz","square","E43",-132.385776483018,49.089223063604,7.01934539156404
"Florida","8.57Hz","square","E44",-127.856243406767,23.8953117140088,7.26324202614478
"Florida","8.57Hz","square","E45",-102.023724252225,-26.0624191069444,6.63339038128991
"Florida","8.57Hz","square","E46",-77.0757795587277,-24.2279722926707,7.15865367091404
"Florida","8.57Hz","square","E47",-61.3490707363697,-27.4299165836118,7.24819310192351
"Florida","8.57Hz","square","E48",-147.073602828489,55.1905344696692,6.69053470504874
"Florida","8.57Hz","square","E49",-148.427539841507,9.81951733019121,7.05948399391975
"Florida","8.57Hz","square","E50",-87.6147402607277,-51.9804690729627,7.40757960585229
"Florida","8.57Hz","square","E51",-64.3973497966683,-45.8325114211031,7.09138517292839
"Florida","8.57Hz","square","E52",-49.3286473753904,-38.0293353099208,7.59601620402215
"Florida","8.57Hz","square","E53",-31.8703858461666,-30.6802729781934,6.94487557653741
"Florida","8.57Hz","square","E54",-16.3380561246601,-24.5721384105547,7.94954169802646
"Florida","8.57Hz","square","E55",1.86009153028893e-15,-15.1888,7.05447984090069
"Florida","8.57Hz","square","E56",-134.514184844694,-53.5568924748948,7.51615425839041
"Florida","8.57Hz","square","E57",-107.771903337525,-61.2478444600876,7.36780753134177
"Florida","8.57Hz","square","E58",-72.0824426385969,-68.7392048197634,7.68659211051165
"Florida","8.57Hz","square","E59",-49.0164711950736,-60.6384229311954,7.5599809846036
"Florida","8.57Hz","square","E60",-33.5739711579434,-49.4397118183913,7.48442641765271
"Florida","8.57Hz","square","E61",-17.5616376782163,-41.0535015078989,8.27313181766509
"Florida","8.57Hz","square","E62",6.24863782796946e-15,-51.024,7.81003882153805
"Florida","8.57Hz","square","E63",-111.844618176326,-90.215004411638,7.67546819269481
"Florida","8.57Hz","square","E64",-82.7166311762146,-89.8591836311575,7.23343840123711
"Florida","8.57Hz","square","E65",-53.2724548220446,-83.4923179534095,8.16118819821769
"Florida","8.57Hz","square","E66",-32.9982073155436,-70.0930032026051,7.8599133299909
"Florida","8.57Hz","square","E67",-14.9843695227892,-59.7435310808167,8.07841442000012
"Florida","8.57Hz","square","E68",-70.8544927411257,-119.808404222733,7.8674303319153
"Florida","8.57Hz","square","E69",-50.7971288111611,-109.433046236237,7.8685861054054
"Florida","8.57Hz","square","E70",-29.8089612459443,-93.6860097636664,9.08479945516969
"Florida","8.57Hz","square","E71",-12.5941162529112,-75.6650426009803,9.04329548004302
"Florida","8.57Hz","square","E72",8.04078595384169e-15,-65.658,8.43195302666799
"Florida","8.57Hz","square","E73",-34.2137515878335,-132.964697639208,8.08527427810326
"Florida","8.57Hz","square","E74",-15.7052501655887,-118.019611578908,9.20799368615214
"Florida","8.57Hz","square","E75",1.18239648457677e-14,-96.55,12.168625672052
"Florida","8.57Hz","square","E76",12.5941162529112,-75.6650426009803,10.3586213294152
"Florida","8.57Hz","square","E77",14.9843695227892,-59.7435310808167,9.48922758534506
"Florida","8.57Hz","square","E78",17.5616376782163,-41.0535015078989,8.42643108110226
"Florida","8.57Hz","square","E79",16.3380561246601,-24.5721384105547,7.31002936510019
"Florida","8.57Hz","square","E80",14.2590609871468,-4.99065843399723,7.0571637619963
"Florida","8.57Hz","square","E81",1.66253150865048e-14,-135.756,8.59408937631152
"Florida","8.57Hz","square","E82",15.7052501655887,-118.019611578908,8.82975747160768
"Florida","8.57Hz","square","E83",29.8089612459443,-93.6860097636664,9.93876900764923
"Florida","8.57Hz","square","E84",32.9982073155436,-70.0930032026051,7.98573699908479
"Florida","8.57Hz","square","E85",33.5739711579434,-49.4397118183913,7.59586850953161
"Florida","8.57Hz","square","E86",31.8703858461666,-30.6802729781934,7.32077112335509
"Florida","8.57Hz","square","E87",29.3939238752213,-11.4188613800894,7.19547550164373
"Florida","8.57Hz","square","E88",34.2137515878335,-132.964697639208,7.71117126117411
"Florida","8.57Hz","square","E89",50.7971288111611,-109.433046236237,7.31978005514644
"Florida","8.57Hz","square","E90",53.2724548220446,-83.4923179534095,7.77231799042633
"Florida","8.57Hz","square","E91",49.0164711950736,-60.6384229311954,7.55895477325239
"Florida","8.57Hz","square","E92",49.3286473753904,-38.0293353099208,7.44311294297204
"Florida","8.57Hz","square","E93",48.4277069849025,-19.0176228846936,7.22334481015658
"Florida","8.57Hz","square","E94",70.8544927411257,-119.808404222733,7.07672874772506
"Florida","8.57Hz","square","E95",82.7166311762146,-89.8591836311575,6.93855888849935
"Florida","8.57Hz","square","E96",72.0824426385969,-68.7392048197634,7.84742778494138
"Florida","8.57Hz","square","E97",64.3973497966683,-45.8325114211031,7.69334218258207
"Florida","8.57Hz","square","E98",61.3490707363697,-27.4299165836118,7.18365303618267
"Florida","8.57Hz","square","E99",111.844618176326,-90.215004411638,7.30994004994071
"Florida","8.57Hz","square","E100",107.771903337525,-61.2478444600876,6.62761386445155
"Florida","8.57Hz","square","E101",87.6147402607277,-51.9804690729627,7.34732425128258
"Florida","8.57Hz","square","E102",77.0757795587277,-24.2279722926707,6.91606065267828
"Florida","8.57Hz","square","E103",62.3658981365752,-7.23363018257962,7.17379918752933
"Florida","8.57Hz","square","E104",45.139000940819,2.34746545549408,7.19531389489526
"Florida","8.57Hz","square","E105",28.5960902390953,7.43167134886356,7.48676720930438
"Florida","8.57Hz","square","E106",9.06629877496366,11.5485593631021,6.87702735810622
"Florida","8.57Hz","square","E107",134.514184844694,-53.5568924748948,7.32649065130129
"Florida","8.57Hz","square","E108",102.023724252225,-26.0624191069444,6.75437759689047
"Florida","8.57Hz","square","E109",82.0312253490634,0.356499272328901,6.96406845635464
"Florida","8.57Hz","square","E110",58.7070104036568,13.6367088941921,6.65538642525648
"Florida","8.57Hz","square","E111",39.6304283909149,22.4510456227002,6.88563346970846
"Florida","8.57Hz","square","E112",18.7176485153145,25.0067456910559,6.88293869406234
"Florida","8.57Hz","square","E113",148.427539841507,9.81951733019121,7.10777324236742
"Florida","8.57Hz","square","E114",127.856243406767,23.8953117140088,6.88377062053413
"Florida","8.57Hz","square","E115",106.979294016482,12.6447944916077,6.50013299461594
"Florida","8.57Hz","square","E116",73.2735964589411,31.8739532843394,6.53354590240973
"Florida","8.57Hz","square","E117",50.0298983002845,37.5034658673461,6.3493044339402
"Florida","8.57Hz","square","E118",31.3121246459833,41.9182840077502,6.38779160624471
"Florida","8.57Hz","square","E119",147.073602828489,55.1905344696692,6.74390284198352
"Florida","8.57Hz","square","E120",132.385776483018,49.089223063604,6.81015776487244
"Florida","8.57Hz","square","E121",111.066561880691,61.2336542760814,6.73318208438063
"Florida","8.57Hz","square","E122",86.5427774390136,55.8179182444255,6.72318525168639
"Florida","8.57Hz","square","E123",56.2717346283799,54.0022587112168,6.40264477496544
"Florida","8.57Hz","square","E124",39.5281102525102,53.3724044414846,6.70540138018797
"Florida","8.57Hz","square","E125",107.29091960617,79.3302648808283,6.94088519989416
"Florida","8.57Hz","square","E126",71.1683422201787,126.406610434864,7.18667974206722
"Florida","8.57Hz","square","E127",-71.1683422201787,126.406610434864,7.35005628459755
"Florida","8.57Hz","square","E128",-107.29091960617,79.3302648808283,7.09429122382575
"Florida","8.57Hz","square","Cz",0,0,7.10365824206356
"Florida","8.57Hz","sine","E1",86.719831310897,82.7208230943671,6.46393469109144
"Florida","8.57Hz","sine","E2",60.5117564493148,76.717478004812,6.52040511889244
"Florida","8.57Hz","sine","E3",35.2634825458284,69.6677676887961,6.5741197148499
"Florida","8.57Hz","sine","E4",23.6192388587642,58.8318312797812,6.94850591049362
"Florida","8.57Hz","sine","E5",11.4069836172611,43.8485528695707,6.65377761461767
"Florida","8.57Hz","sine","E6",0,28.614,6.56520710123625
"Florida","8.57Hz","sine","E7",-9.06629877496366,11.5485593631021,7.00140055252547
"Florida","8.57Hz","sine","E8",51.097415472918,96.8083637295249,6.84893374186866
"Florida","8.57Hz","sine","E9",26.8737792539972,88.585411736964,6.90308177108882
"Florida","8.57Hz","sine","E10",16.0697667431522,76.4350039760624,6.50886998564084
"Florida","8.57Hz","sine","E11",0,64.048,6.46067299208685
"Florida","8.57Hz","sine","E12",-11.4069836172611,43.8485528695707,6.55063643577592
"Florida","8.57Hz","sine","E13",-18.7176485153145,25.0067456910559,6.66334137405757
"Florida","8.57Hz","sine","E14",14.1187002915317,105.342066422099,7.48445382463179
"Florida","8.57Hz","sine","E15",0,90.726,6.62644951004158
"Florida","8.57Hz","sine","E16",0,79.014,6.27751219350585
"Florida","8.57Hz","sine","E17",0,114.908,7.0603092593769
"Florida","8.57Hz","sine","E18",-16.0697667431522,76.4350039760624,6.62066005996551
"Florida","8.57Hz","sine","E19",-23.6192388587642,58.8318312797812,6.62466042450353
"Florida","8.57Hz","sine","E20",-31.3121246459833,41.9182840077502,6.48972823966769
"Florida","8.57Hz","sine","E21",-14.1187002915317,105.342066422099,7.14841595129223
"Florida","8.57Hz","sine","E22",-26.8737792539972,88.585411736964,6.81460802906139
"Florida","8.57Hz","sine","E23",-35.2634825458284,69.6677676887961,6.44982054382485
"Florida","8.57Hz","sine","E24",-39.5281102525102,53.3724044414846,6.44219066589915
"Florida","8.57Hz","sine","E25",-51.097415472918,96.8083637295249,7.17988593801065
"Florida","8.57Hz","sine","E26",-60.5117564493148,76.717478004812,7.00613149098411
"Florida","8.57Hz","sine","E27",-56.2717346283799,54.0022587112168,6.58900683404108
"Florida","8.57Hz","sine","E28",-50.0298983002845,37.5034658673461,6.76881982849475
"Florida","8.57Hz","sine","E29",-39.6304283909149,22.4510456227002,6.66398110423918
"Florida","8.57Hz","sine","E30",-28.5960902390953,7.43167134886356,6.92450436833727
"Florida","8.57Hz","sine","E31",-14.2590609871468,-4.99065843399723,6.84539607375287
"Florida","8.57Hz","sine","E32",-86.719831310897,82.7208230943671,6.7407678341746
"Florida","8.57Hz","sine","E33",-86.5427774390136,55.8179182444255,6.40288443047908
"Florida","8.57Hz","sine","E34",-73.2735964589411,31.8739532843394,6.65925439158762
"Florida","8.57Hz","sine","E35",-58.7070104036568,13.6367088941921,6.61934400782568
"Florida","8.57Hz","sine","E36",-45.139000940819,2.34746545549408,7.20241108163022
"Florida","8.57Hz","sine","E37",-29.3939238752213,-11.4188613800894,6.80547518384121
"Florida","8.57Hz","sine","E38",-111.066561880691,61.2336542760814,6.95358756959209
"Florida","8.57Hz","sine","E39",-106.979294016482,12.6447944916077,6.72676359732974
"Florida","8.57Hz","sine","E40",-82.0312253490634,0.356499272328901,6.52419344734257
"Florida","8.57Hz","sine","E41",-62.3658981365752,-7.23363018257962,6.72803549846215
"Florida","8.57Hz","sine","E42",-48.4277069849025,-19.0176228846936,6.89077773469202
"Florida","8.57Hz","sine","E43",-132.385776483018,49.089223063604,7.03536971162182
"Florida","8.57Hz","sine","E44",-127.856243406767,23.8953117140088,6.94035810819999
"Florida","8.57Hz","sine","E45",-102.023724252225,-26.0624191069444,6.61356550052591
"Florida","8.57Hz","sine","E46",-77.0757795587277,-24.2279722926707,6.51441316106902
"Florida","8.57Hz","sine","E47",-61.3490707363697,-27.4299165836118,6.88242713786813
"Florida","8.57Hz","sine","E48",-147.073602828489,55.1905344696692,6.93608596631475
"Florida","8.57Hz","sine","E49",-148.427539841507,9.81951733019121,6.7765229409604
"Florida","8.57Hz","sine","E50",-87.6147402607277,-51.9804690729627,7.39311965668287
"Florida","8.57Hz","sine","E51",-64.3973497966683,-45.8325114211031,7.11615360062358
"Florida","8.57Hz","sine","E52",-49.3286473753904,-38.0293353099208,7.52287034856018
"Florida","8.57Hz","sine","E53",-31.8703858461666,-30.6802729781934,6.96700962073409
"Florida","8.57Hz","sine","E54",-16.3380561246601,-24.5721384105547,7.89615069475351
"Florida","8.57Hz","sine","E55",1.86009153028893e-15,-15.1888,7.10968391150773
"Florida","8.57Hz","sine","E56",-134.514184844694,-53.5568924748948,6.71650437767996
"Florida","8.57Hz","sine","E57",-107.771903337525,-61.2478444600876,6.9543327255217
"Florida","8.57Hz","sine","E58",-72.0824426385969,-68.7392048197634,7.29672564470384
"Florida","8.57Hz","sine","E59",-49.0164711950736,-60.6384229311954,7.42844491662781
"Florida","8.57Hz","sine","E60",-33.5739711579434,-49.4397118183913,7.44121935416443
"Florida","8.57Hz","sine","E61",-17.5616376782163,-41.0535015078989,7.70568008320085
"Florida","8.57Hz","sine","E62",6.24863782796946e-15,-51.024,7.49101174393531
"Florida","8.57Hz","sine","E63",-111.844618176326,-90.215004411638,6.98292896032734
"Florida","8.57Hz","sine","E64",-82.7166311762146,-89.8591836311575,6.77427816381408
"Florida","8.57Hz","sine","E65",-53.2724548220446,-83.4923179534095,7.7603157865773
"Florida","8.57Hz","sine","E66",-32.9982073155436,-70.0930032026051,7.2215024797088
"Florida","8.57Hz","sine","E67",-14.9843695227892,-59.7435310808167,7.3065762588454
"Florida","8.57Hz","sine","E68",-70.8544927411257,-119.808404222733,6.86289123312161
"Florida","8.57Hz","sine","E69",-50.7971288111611,-109.433046236237,7.02280033245748
"Florida","8.57Hz","sine","E70",-29.8089612459443,-93.6860097636664,8.24995344568094
"Florida","8.57Hz","sine","E71",-12.5941162529112,-75.6650426009803,8.04006672111579
"Florida","8.57Hz","sine","E72",8.04078595384169e-15,-65.658,7.99194677147988
"Florida","8.57Hz","sine","E73",-34.2137515878335,-132.964697639208,7.37117929549454
"Florida","8.57Hz","sine","E74",-15.7052501655887,-118.019611578908,8.12297778762154
"Florida","8.57Hz","sine","E75",1.18239648457677e-14,-96.55,10.0302379721231
"Florida","8.57Hz","sine","E76",12.5941162529112,-75.6650426009803,9.48071949906644
"Florida","8.57Hz","sine","E77",14.9843695227892,-59.7435310808167,8.81355621423721
"Florida","8.57Hz","sine","E78",17.5616376782163,-41.0535015078989,7.91312171662862
"Florida","8.57Hz","sine","E79",16.3380561246601,-24.5721384105547,7.405754705741
"Florida","8.57Hz","sine","E80",14.2590609871468,-4.99065843399723,7.04131497427518
"Florida","8.57Hz","sine","E81",1.66253150865048e-14,-135.756,7.58539320689586
"Florida","8.57Hz","sine","E82",15.7052501655887,-118.019611578908,7.98488789186501
"Florida","8.57Hz","sine","E83",29.8089612459443,-93.6860097636664,8.88790278799043
"Florida","8.57Hz","sine","E84",32.9982073155436,-70.0930032026051,7.69890551914326
"Florida","8.57Hz","sine","E85",33.5739711579434,-49.4397118183913,7.45294131309361
"Florida","8.57Hz","sine","E86",31.8703858461666,-30.6802729781934,7.36948313997079
"Florida","8.57Hz","sine","E87",29.3939238752213,-11.4188613800894,7.36977121646232
"Florida","8.57Hz","sine","E88",34.2137515878335,-132.964697639208,7.28686560438881
"Florida","8.57Hz","sine","E89",50.7971288111611,-109.433046236237,7.56624661382671
"Florida","8.57Hz","sine","E90",53.2724548220446,-83.4923179534095,7.53368855088122
"Florida","8.57Hz","sine","E91",49.0164711950736,-60.6384229311954,7.33566571771187
"Florida","8.57Hz","sine","E92",49.3286473753904,-38.0293353099208,7.14332016423827
"Florida","8.57Hz","sine","E93",48.4277069849025,-19.0176228846936,6.67007504220859
"Florida","8.57Hz","sine","E94",70.8544927411257,-119.808404222733,6.98960871019341
"Florida","8.57Hz","sine","E95",82.7166311762146,-89.8591836311575,7.06500048469076
"Florida","8.57Hz","sine","E96",72.0824426385969,-68.7392048197634,7.61370757604342
"Florida","8.57Hz","sine","E97",64.3973497966683,-45.8325114211031,7.3552724624584
"Florida","8.57Hz","sine","E98",61.3490707363697,-27.4299165836118,7.20889469952966
"Florida","8.57Hz","sine","E99",111.844618176326,-90.215004411638,6.96864555442211
"Florida","8.57Hz","sine","E100",107.771903337525,-61.2478444600876,7.1505448017667
"Florida","8.57Hz","sine","E101",87.6147402607277,-51.9804690729627,7.18443905368269
"Florida","8.57Hz","sine","E102",77.0757795587277,-24.2279722926707,6.98061642534125
"Florida","8.57Hz","sine","E103",62.3658981365752,-7.23363018257962,6.86892659538029
"Florida","8.57Hz","sine","E104",45.139000940819,2.34746545549408,6.94210761577295
"Florida","8.57Hz","sine","E105",28.5960902390953,7.43167134886356,7.19963088033531
"Florida","8.57Hz","sine","E106",9.06629877496366,11.5485593631021,7.09601125513154
"Florida","8.57Hz","sine","E107",134.514184844694,-53.5568924748948,7.1421333767595
"Florida","8.57Hz","sine","E108",102.023724252225,-26.0624191069444,6.70482393780642
"Florida","8.57Hz","sine","E109",82.0312253490634,0.356499272328901,6.8523943776485
"Florida","8.57Hz","sine","E110",58.7070104036568,13.6367088941921,6.62133975249141
"Florida","8.57Hz","sine","E111",39.6304283909149,22.4510456227002,6.9411722878684
"Florida","8.57Hz","sine","E112",18.7176485153145,25.0067456910559,6.82087119005154
"Florida","8.57Hz","sine","E113",148.427539841507,9.81951733019121,6.83717262380274
"Florida","8.57Hz","sine","E114",127.856243406767,23.8953117140088,6.9780185187476
"Florida","8.57Hz","sine","E115",106.979294016482,12.6447944916077,6.31660588461012
"Florida","8.57Hz","sine","E116",73.2735964589411,31.8739532843394,6.71915948325936
"Florida","8.57Hz","sine","E117",50.0298983002845,37.5034658673461,6.55816434174591
"Florida","8.57Hz","sine","E118",31.3121246459833,41.9182840077502,6.57470740004227
"Florida","8.57Hz","sine","E119",147.073602828489,55.1905344696692,6.84931222240409
"Florida","8.57Hz","sine","E120",132.385776483018,49.089223063604,6.90508089761952
"Florida","8.57Hz","sine","E121",111.066561880691,61.2336542760814,6.60987569457136
"Florida","8.57Hz","sine","E122",86.5427774390136,55.8179182444255,6.72377619309177
"Florida","8.57Hz","sine","E123",56.2717346283799,54.0022587112168,6.38927653722714
"Florida","8.57Hz","sine","E124",39.5281102525102,53.3724044414846,6.85896787258079
"Florida","8.57Hz","sine","E125",107.29091960617,79.3302648808283,6.61471822712954
"Florida","8.57Hz","sine","E126",71.1683422201787,126.406610434864,6.99903196519509
"Florida","8.57Hz","sine","E127",-71.1683422201787,126.406610434864,7.12066473159553
"Florida","8.57Hz","sine","E128",-107.29091960617,79.3302648808283,6.98093852765994
"Florida","8.57Hz","sine","Cz",0,0,7.05489748445819
"Florida","15Hz","square","E1",86.719831310897,82.7208230943671,8.5422350369116
"Florida","15Hz","square","E2",60.5117564493148,76.717478004812,8.51796280304043
"Florida","15Hz","square","E3",35.2634825458284,69.6677676887961,8.63144344767249
"Florida","15Hz","square","E4",23.6192388587642,58.8318312797812,8.5238974544097
"Florida","15Hz","square","E5",11.4069836172611,43.8485528695707,7.89772731587944
"Florida","15Hz","square","E6",0,28.614,8.32730401704612
"Florida","15Hz","square","E7",-9.06629877496366,11.5485593631021,8.99692957134083
"Florida","15Hz","square","E8",51.097415472918,96.8083637295249,8.48955287024447
"Florida","15Hz","square","E9",26.8737792539972,88.585411736964,8.42620719969526
"Florida","15Hz","square","E10",16.0697667431522,76.4350039760624,8.40913552897421
"Florida","15Hz","square","E11",0,64.048,8.4090695029316
"Florida","15Hz","square","E12",-11.4069836172611,43.8485528695707,8.67801153514091
"Florida","15Hz","square","E13",-18.7176485153145,25.0067456910559,8.81989121702854
"Florida","15Hz","square","E14",14.1187002915317,105.342066422099,8.67566558985008
"Florida","15Hz","square","E15",0,90.726,8.2492912674253
"Florida","15Hz","square","E16",0,79.014,8.44996682762273
"Florida","15Hz","square","E17",0,114.908,8.6621758903015
"Florida","15Hz","square","E18",-16.0697667431522,76.4350039760624,8.59694015109117
"Florida","15Hz","square","E19",-23.6192388587642,58.8318312797812,8.48601526026243
"Florida","15Hz","square","E20",-31.3121246459833,41.9182840077502,8.30090864358489
"Florida","15Hz","square","E21",-14.1187002915317,105.342066422099,8.48687699905952
"Florida","15Hz","square","E22",-26.8737792539972,88.585411736964,8.43582242842654
"Florida","15Hz","square","E23",-35.2634825458284,69.6677676887961,8.07878575123785
"Florida","15Hz","square","E24",-39.5281102525102,53.3724044414846,8.54442912198298
"Florida","15Hz","square","E25",-51.097415472918,96.8083637295249,8.66581222913551
"Florida","15Hz","square","E26",-60.5117564493148,76.717478004812,8.7397640463333
"Florida","15Hz","square","E27",-56.2717346283799,54.0022587112168,8.51061728935419
"Florida","15Hz","square","E28",-50.0298983002845,37.5034658673461,8.14898535378372
"Florida","15Hz","square","E29",-39.6304283909149,22.4510456227002,8.13287687295653
"Florida","15Hz","square","E30",-28.5960902390953,7.43167134886356,8.86603152901335
"Florida","15Hz","square","E31",-14.2590609871468,-4.99065843399723,8.74549827818232
"Florida","15Hz","square","E32",-86.719831310897,82.7208230943671,8.18060832196829
"Florida","15Hz","square","E33",-86.5427774390136,55.8179182444255,8.17978997955313
"Florida","15Hz","square","E34",-73.2735964589411,31.8739532843394,8.39134968055152
"Florida","15Hz","square","E35",-58.7070104036568,13.6367088941921,8.89173579663642
"Florida","15Hz","square","E36",-45.139000940819,2.34746545549408,8.78033146705011
"Florida","15Hz","square","E37",-29.3939238752213,-11.4188613800894,8.67864653541683
"Florida","15Hz","square","E38",-111.066561880691,61.2336542760814,8.5701956131238
"Florida","15Hz","square","E39",-106.979294016482,12.6447944916077,8.4058562035959
"Florida","15Hz","square","E40",-82.0312253490634,0.356499272328901,8.36311360894905
"Florida","15Hz","square","E41",-62.3658981365752,-7.23363018257962,8.5843246497201
"Florida","15Hz","square","E42",-48.4277069849025,-19.0176228846936,8.34366968049743
"Florida","15Hz","square","E43",-132.385776483018,49.089223063604,9.01494637679232
"Florida","15Hz","square","E44",-127.856243406767,23.8953117140088,8.59545406453217
"Florida","15Hz","square","E45",-102.023724252225,-26.0624191069444,8.33301141452688
"Florida","15Hz","square","E46",-77.0757795587277,-24.2279722926707,8.82691634372198
"Florida","15Hz","square","E47",-61.3490707363697,-27.4299165836118,8.43347236162695
"Florida","15Hz","square","E48",-147.073602828489,55.1905344696692,8.94907371166496
"Florida","15Hz","square","E49",-148.427539841507,9.81951733019121,8.79064150221849
"Florida","15Hz","square","E50",-87.6147402607277,-51.9804690729627,8.98186700670573
"Florida","15Hz","square","E51",-64.3973497966683,-45.8325114211031,8.7676865779477
"Florida","15Hz","square","E52",-49.3286473753904,-38.0293353099208,9.36015505506619
"Florida","15Hz","square","E53",-31.8703858461666,-30.6802729781934,9.11266108856863
"Florida","15Hz","square","E54",-16.3380561246601,-24.5721384105547,8.84012089297213
"Florida","15Hz","square","E55",1.86009153028893e-15,-15.1888,8.78764151482403
"Florida","15Hz","square","E56",-134.514184844694,-53.5568924748948,8.76010168072864
"Florida","15Hz","square","E57",-107.771903337525,-61.2478444600876,8.71255500350135
"Florida","15Hz","square","E58",-72.0824426385969,-68.7392048197634,10.0271307638742
"Florida","15Hz","square","E59",-49.0164711950736,-60.6384229311954,10.3438687696018
"Florida","15Hz","square","E60",-33.5739711579434,-49.4397118183913,10.1273386742542
"Florida","15Hz","square","E61",-17.5616376782163,-41.0535015078989,9.5478178248854
"Florida","15Hz","square","E62",6.24863782796946e-15,-51.024,10.5928163878392
"Florida","15Hz","square","E63",-111.844618176326,-90.215004411638,9.21921639066976
"Florida","15Hz","square","E64",-82.7166311762146,-89.8591836311575,9.13329757423166
"Florida","15Hz","square","E65",-53.2724548220446,-83.4923179534095,10.4281508668497
"Florida","15Hz","square","E66",-32.9982073155436,-70.0930032026051,9.88175436649523
"Florida","15Hz","square","E67",-14.9843695227892,-59.7435310808167,9.6063961727207
"Florida","15Hz","square","E68",-70.8544927411257,-119.808404222733,9.88848581239772
"Florida","15Hz","square","E69",-50.7971288111611,-109.433046236237,9.5136609341609
"Florida","15Hz","square","E70",-29.8089612459443,-93.6860097636664,10.6127401486294
"Florida","15Hz","square","E71",-12.5941162529112,-75.6650426009803,10.815811271606
"Florida","15Hz","square","E72",8.04078595384169e-15,-65.658,12.0529783741317
"Florida","15Hz","square","E73",-34.2137515878335,-132.964697639208,10.2053846999466
"Florida","15Hz","square","E74",-15.7052501655887,-118.019611578908,11.6599275953016
"Florida","15Hz","square","E75",1.18239648457677e-14,-96.55,14.0479435898373
"Florida","15Hz","square","E76",12.5941162529112,-75.6650426009803,12.4677525657227
"Florida","15Hz","square","E77",14.9843695227892,-59.7435310808167,12.0000391499744
"Florida","15Hz","square","E78",17.5616376782163,-41.0535015078989,10.3852511966913
"Florida","15Hz","square","E79",16.3380561246601,-24.5721384105547,9.49848331346913
"Florida","15Hz","square","E80",14.2590609871468,-4.99065843399723,8.89873512275569
"Florida","15Hz","square","E81",1.66253150865048e-14,-135.756,11.2873590415614
"Florida","15Hz","square","E82",15.7052501655887,-118.019611578908,11.5119151911467
"Florida","15Hz","square","E83",29.8089612459443,-93.6860097636664,11.5570070822691
"Florida","15Hz","square","E84",32.9982073155436,-70.0930032026051,10.6981288213488
"Florida","15Hz","square","E85",33.5739711579434,-49.4397118183913,10.2454406397027
"Florida","15Hz","square","E86",31.8703858461666,-30.6802729781934,9.22997721020995
"Florida","15Hz","square","E87",29.3939238752213,-11.4188613800894,8.88118798326668
"Florida","15Hz","square","E88",34.2137515878335,-132.964697639208,10.0389913710458
"Florida","15Hz","square","E89",50.7971288111611,-109.433046236237,9.86718905713319
"Florida","15Hz","square","E90",53.2724548220446,-83.4923179534095,10.5158014771017
"Florida","15Hz","square","E91",49.0164711950736,-60.6384229311954,11.5543362050937
"Florida","15Hz","square","E92",49.3286473753904,-38.0293353099208,9.43817368099988
"Florida","15Hz","square","E93",48.4277069849025,-19.0176228846936,8.83740223508628
"Florida","15Hz","square","E94",70.8544927411257,-119.808404222733,9.7594304157614
"Florida","15Hz","square","E95",82.7166311762146,-89.8591836311575,9.36673555714043
"Florida","15Hz","square","E96",72.0824426385969,-68.7392048197634,10.2611658938926
"Florida","15Hz","square","E97",64.3973497966683,-45.8325114211031,9.8690473634565
"Florida","15Hz","square","E98",61.3490707363697,-27.4299165836118,9.40344337581606
"Florida","15Hz","square","E99",111.844618176326,-90.215004411638,9.62801912591172
"Florida","15Hz","square","E100",107.771903337525,-61.2478444600876,8.95617459753229
"Florida","15Hz","square","E101",87.6147402607277,-51.9804690729627,8.97421014452612
"Florida","15Hz","square","E102",77.0757795587277,-24.2279722926707,8.64016070745806
"Florida","15Hz","square","E103",62.3658981365752,-7.23363018257962,8.62782608130362
"Florida","15Hz","square","E104",45.139000940819,2.34746545549408,8.87457266859426
"Florida","15Hz","square","E105",28.5960902390953,7.43167134886356,8.57660052152859
"Florida","15Hz","square","E106",9.06629877496366,11.5485593631021,8.84902470515186
"Florida","15Hz","square","E107",134.514184844694,-53.5568924748948,9.32182851875105
"Florida","15Hz","square","E108",102.023724252225,-26.0624191069444,9.010271146592
"Florida","15Hz","square","E109",82.0312253490634,0.356499272328901,9.2046088369025
"Florida","15Hz","square","E110",58.7070104036568,13.6367088941921,8.64990721029702
"Florida","15Hz","square","E111",39.6304283909149,22.4510456227002,8.22440450801615
"Florida","15Hz","square","E112",18.7176485153145,25.0067456910559,8.88216280248137
"Florida","15Hz","square","E113",148.427539841507,9.81951733019121,9.23104252115029
"Florida","15Hz","square","E114",127.856243406767,23.8953117140088,9.19639923957365
"Florida","15Hz","square","E115",106.979294016482,12.6447944916077,8.67704061277348
"Florida","15Hz","square","E116",73.2735964589411,31.8739532843394,8.71306830901592
"Florida","15Hz","square","E117",50.0298983002845,37.5034658673461,8.25369491625147
"Florida","15Hz","square","E118",31.3121246459833,41.9182840077502,8.53508023442277
"Florida","15Hz","square","E119",147.073602828489,55.1905344696692,9.16880770609835
"Florida","15Hz","square","E120",132.385776483018,49.089223063604,9.00528246727668
"Florida","15Hz","square","E121",111.066561880691,61.2336542760814,8.68079878640364
"Florida","15Hz","square","E122",86.5427774390136,55.8179182444255,8.48479970011899
"Florida","15Hz","square","E123",56.2717346283799,54.0022587112168,8.7277317276317
"Florida","15Hz","square","E124",39.5281102525102,53.3724044414846,8.5352771288474
"Florida","15Hz","square","E125",107.29091960617,79.3302648808283,8.94701160247706
"Florida","15Hz","square","E126",71.1683422201787,126.406610434864,9.0823323471924
"Florida","15Hz","square","E127",-71.1683422201787,126.406610434864,8.58723024190688
"Florida","15Hz","square","E128",-107.29091960617,79.3302648808283,8.73915198686332
"Florida","15Hz","square","Cz",0,0,8.90262442070248
"Florida","15Hz","sine","E1",86.719831310897,82.7208230943671,8.19829854505956
"Florida","15Hz","sine","E2",60.5117564493148,76.717478004812,8.80337045318356
"Florida","15Hz","sine","E3",35.2634825458284,69.6677676887961,8.19939607019861
"Florida","15Hz","sine","E4",23.6192388587642,58.8318312797812,8.54388963947696
"Florida","15Hz","sine","E5",11.4069836172611,43.8485528695707,8.16985332362373
"Florida","15Hz","sine","E6",0,28.614,8.14867891459552
"Florida","15Hz","sine","E7",-9.06629877496366,11.5485593631021,8.55645868685722
"Florida","15Hz","sine","E8",51.097415472918,96.8083637295249,8.32882314518907
"Florida","15Hz","sine","E9",26.8737792539972,88.585411736964,8.69467471909377
"Florida","15Hz","sine","E10",16.0697667431522,76.4350039760624,8.58886669857855
"Florida","15Hz","sine","E11",0,64.048,8.46068470896095
"Florida","15Hz","sine","E12",-11.4069836172611,43.8485528695707,8.14341504690641
"Florida","15Hz","sine","E13",-18.7176485153145,25.0067456910559,8.27608582916094
"Florida","15Hz","sine","E14",14.1187002915317,105.342066422099,8.92029151747344
"Florida","15Hz","sine","E15",0,90.726,8.48805629741674
"Florida","15Hz","sine","E16",0,79.014,8.53983777602227
"Florida","15Hz","sine","E17",0,114.908,8.52349924845559
"Florida","15Hz","sine","E18",-16.0697667431522,76.4350039760624,8.51348225139019
"Florida","15Hz","sine","E19",-23.6192388587642,58.8318312797812,8.36767662505891
"Florida","15Hz","sine","E20",-31.3121246459833,41.9182840077502,8.28058910248283
"Florida","15Hz","sine","E21",-14.1187002915317,105.342066422099,8.3432162036284
"Florida","15Hz","sine","E22",-26.8737792539972,88.585411736964,8.7125585474486
"Florida","15Hz","sine","E23",-35.2634825458284,69.6677676887961,8.11196221633317
"Florida","15Hz","sine","E24",-39.5281102525102,53.3724044414846,8.35002171951387
"Florida","15Hz","sine","E25",-51.097415472918,96.8083637295249,8.70776934454937
"Florida","15Hz","sine","E26",-60.5117564493148,76.717478004812,8.49204988162262
"Florida","15Hz","sine","E27",-56.2717346283799,54.0022587112168,8.72514539925679
"Florida","15Hz","sine","E28",-50.0298983002845,37.5034658673461,8.24303533803802
"Florida","15Hz","sine","E29",-39.6304283909149,22.4510456227002,7.9901783180517
"Florida","15Hz","sine","E30",-28.5960902390953,7.43167134886356,8.64679986867822
"Florida","15Hz","sine","E31",-14.2590609871468,-4.99065843399723,7.93220527807448
"Florida","15Hz","sine","E32",-86.719831310897,82.7208230943671,8.70080674518318
"Florida","15Hz","sine","E33",-86.5427774390136,55.8179182444255,8.58656686552716
"Florida","15Hz","sine","E34",-73.2735964589411,31.8739532843394,8.57162779664045
"Florida","15Hz","sine","E35",-58.7070104036568,13.6367088941921,8.58256380754738
"Florida","15Hz","sine","E36",-45.139000940819,2.34746545549408,8.5845147512547
"Florida","15Hz","sine","E37",-29.3939238752213,-11.4188613800894,8.60944718888326
"Florida","15Hz","sine","E38",-111.066561880691,61.2336542760814,8.49903233850339
"Florida","15Hz","sine","E39",-106.979294016482,12.6447944916077,8.68663440977086
"Florida","15Hz","sine","E40",-82.0312253490634,0.356499272328901,8.20927633978612
"Florida","15Hz","sine","E41",-62.3658981365752,-7.23363018257962,8.70093224979586
"Florida","15Hz","sine","E42",-48.4277069849025,-19.0176228846936,8.35467795455368
"Florida","15Hz","sine","E43",-132.385776483018,49.089223063604,8.50042821545646
"Florida","15Hz","sine","E44",-127.856243406767,23.8953117140088,8.62978380223139
"Florida","15Hz","sine","E45",-102.023724252225,-26.0624191069444,8.37256645499153
"Florida","15Hz","sine","E46",-77.0757795587277,-24.2279722926707,9.12104626978035
"Florida","15Hz","sine","E47",-61.3490707363697,-27.4299165836118,8.49716357859929
"Florida","15Hz","sine","E48",-147.073602828489,55.1905344696692,8.65060786297544
"Florida","15Hz","sine","E49",-148.427539841507,9.81951733019121,8.52863960982287
"Florida","15Hz","sine","E50",-87.6147402607277,-51.9804690729627,8.55548084597267
"Florida","15Hz","sine","E51",-64.3973497966683,-45.8325114211031,8.87768123139438
"Florida","15Hz","sine","E52",-49.3286473753904,-38.0293353099208,8.67216744889631
"Florida","15Hz","sine","E53",-31.8703858461666,-30.6802729781934,8.77124861857854
"Florida","15Hz","sine","E54",-16.3380561246601,-24.5721384105547,8.44404844444318
"Florida","15Hz","sine","E55",1.86009153028893e-15,-15.1888,8.40211067732559
"Florida","15Hz","sine","E56",-134.514184844694,-53.5568924748948,9.03260209379164
"Florida","15Hz","sine","E57",-107.771903337525,-61.2478444600876,8.6442149394016
"Florida","15Hz","sine","E58",-72.0824426385969,-68.7392048197634,9.99535085944759
"Florida","15Hz","sine","E59",-49.0164711950736,-60.6384229311954,10.2762856111034
"Florida","15Hz","sine","E60",-33.5739711579434,-49.4397118183913,9.67689699513425
"Florida","15Hz","sine","E61",-17.5616376782163,-41.0535015078989,9.06889318571847
"Florida","15Hz","sine","E62",6.24863782796946e-15,-51.024,10.432157028523
"Florida","15Hz","sine","E63",-111.844618176326,-90.215004411638,9.22137365439142
"Florida","15Hz","sine","E64",-82.7166311762146,-89.8591836311575,9.0374071295227
"Florida","15Hz","sine","E65",-53.2724548220446,-83.4923179534095,10.0771082329008
"Florida","15Hz","sine","E66",-32.9982073155436,-70.0930032026051,9.90616293355677
"Florida","15Hz","sine","E67",-14.9843695227892,-59.7435310808167,9.43075132289785
"Florida","15Hz","sine","E68",-70.8544927411257,-119.808404222733,9.71089217201969
"Florida","15Hz","sine","E69",-50.7971288111611,-109.433046236237,9.67201424501737
"Florida","15Hz","sine","E70",-29.8089612459443,-93.6860097636664,10.2817360764103
"Florida","15Hz","sine","E71",-12.5941162529112,-75.6650426009803,11.0236567502268
"Florida","15Hz","sine","E72",8.04078595384169e-15,-65.658,11.8749522771246
"Florida","15Hz","sine","E73",-34.2137515878335,-132.964697639208,10.3053865075411
"Florida","15Hz","sine","E74",-15.7052501655887,-118.019611578908,11.2729734753591
"Florida","15Hz","sine","E75",1.18239648457677e-14,-96.55,15.8922408235143
"Florida","15Hz","sine","E76",12.5941162529112,-75.6650426009803,13.0803147924768
"Florida","15Hz","sine","E77",14.9843695227892,-59.7435310808167,12.2115530375751
"Florida","15Hz","sine","E78",17.5616376782163,-41.0535015078989,10.3616604565201
"Florida","15Hz","sine","E79",16.3380561246601,-24.5721384105547,8.91592647631413
"Florida","15Hz","sine","E80",14.2590609871468,-4.99065843399723,8.39311776776794
"Florida","15Hz","sine","E81",1.66253150865048e-14,-135.756,10.8771317815137
"Florida","15Hz","sine","E82",15.7052501655887,-118.019611578908,11.7714375284551
"Florida","15Hz","sine","E83",29.8089612459443,-93.6860097636664,11.7029968925316
"Florida","15Hz","sine","E84",32.9982073155436,-70.0930032026051,10.5941749196709
"Florida","15Hz","sine","E85",33.5739711579434,-49.4397118183913,9.8263987399009
"Florida","15Hz","sine","E86",31.8703858461666,-30.6802729781934,8.8537857211334
"Florida","15Hz","sine","E87",29.3939238752213,-11.4188613800894,8.10376499414922
"Florida","15Hz","sine","E88",34.2137515878335,-132.964697639208,9.74645235362079
"Florida","15Hz","sine","E89",50.7971288111611,-109.433046236237,9.26199272941762
"Florida","15Hz","sine","E90",53.2724548220446,-83.4923179534095,10.4205966607826
"Florida","15Hz","sine","E91",49.0164711950736,-60.6384229311954,11.7530028071303
"Florida","15Hz","sine","E92",49.3286473753904,-38.0293353099208,9.59937790997964
"Florida","15Hz","sine","E93",48.4277069849025,-19.0176228846936,8.7882821216764
"Florida","15Hz","sine","E94",70.8544927411257,-119.808404222733,9.68000832446521
"Florida","15Hz","sine","E95",82.7166311762146,-89.8591836311575,8.95920519917327
"Florida","15Hz","sine","E96",72.0824426385969,-68.7392048197634,9.78012898406914
"Florida","15Hz","sine","E97",64.3973497966683,-45.8325114211031,9.85982304339455
"Florida","15Hz","sine","E98",61.3490707363697,-27.4299165836118,9.16900019579697
"Florida","15Hz","sine","E99",111.844618176326,-90.215004411638,9.46568882820116
"Florida","15Hz","sine","E100",107.771903337525,-61.2478444600876,8.68103636058707
"Florida","15Hz","sine","E101",87.6147402607277,-51.9804690729627,8.89895498574456
"Florida","15Hz","sine","E102",77.0757795587277,-24.2279722926707,9.03523745670866
"Florida","15Hz","sine","E103",62.3658981365752,-7.23363018257962,8.18326280140619
"Florida","15Hz","sine","E104",45.139000940819,2.34746545549408,8.75630029659671
"Florida","15Hz","sine","E105",28.5960902390953,7.43167134886356,8.41101246513512
"Florida","15Hz","sine","E106",9.06629877496366,11.5485593631021,8.66221296533296
"Florida","15Hz","sine","E107",134.514184844694,-53.5568924748948,9.04164386068258
"Florida","15Hz","sine","E108",102.023724252225,-26.0624191069444,8.76141593208064
"Florida","15Hz","sine","E109",82.0312253490634,0.356499272328901,8.42338364824307
"Florida","15Hz","sine","E110",58.7070104036568,13.6367088941921,7.96736294247364
"Florida","15Hz","sine","E111",39.6304283909149,22.4510456227002,8.47281623055276
"Florida","15Hz","sine","E112",18.7176485153145,25.0067456910559,8.42272733743011
"Florida","15Hz","sine","E113",148.427539841507,9.81951733019121,9.28567237753413
"Florida","15Hz","sine","E114",127.856243406767,23.8953117140088,8.81162813928118
"Florida","15Hz","sine","E115",106.979294016482,12.6447944916077,8.20132857381537
"Florida","15Hz","sine","E116",73.2735964589411,31.8739532843394,8.32444155886226
"Florida","15Hz","sine","E117",50.0298983002845,37.5034658673461,8.26455437630141
"Florida","15Hz","sine","E118",31.3121246459833,41.9182840077502,8.91516562588682
"Florida","15Hz","sine","E119",147.073602828489,55.1905344696692,8.95559153898497
"Florida","15Hz","sine","E120",132.385776483018,49.089223063604,8.66141995275778
"Florida","15Hz","sine","E121",111.066561880691,61.2336542760814,8.61743303198724
"Florida","15Hz","sine","E122",86.5427774390136,55.8179182444255,8.48430610000669
"Florida","15Hz","sine","E123",56.2717346283799,54.0022587112168,8.38547039062516
"Florida","15Hz","sine","E124",39.5281102525102,53.3724044414846,8.63181688280662
"Florida","15Hz","sine","E125",107.29091960617,79.3302648808283,8.81027398109138
"Florida","15Hz","sine","E126",71.1683422201787,126.406610434864,8.4808365565103
"Florida","15Hz","sine","E127",-71.1683422201787,126.406610434864,9.14017433663913
"Florida","15Hz","sine","E128",-107.29091960617,79.3302648808283,8.21980309398501
"Florida","15Hz","sine","Cz",0,0,8.12707276282445
"Leipzig","6Hz","square","Fp1",-31.5883351989959,97.2188992087232,4.88543562314869
"Leipzig","6Hz","square","AF7",-60.0845840598412,82.6993351989959,4.84620267035697
"Leipzig","6Hz","square","AF3",-34.7485187168438,74.5184388657274,5.12837613335173
"Leipzig","6Hz","square","F1",-20.8116439038144,51.5106262243125,5.36092162788305
"Leipzig","6Hz","square","F3",-41.9542731897285,51.8092126664904,5.24678782828619
"Leipzig","6Hz","square","F5",-62.8929681582845,54.6720231218949,4.92610475402366
"Leipzig","6Hz","square","F7",-82.6993351989959,60.0845840598412,4.74908543968279
"Leipzig","6Hz","square","FT7",-97.2188992087232,31.5883351989959,4.93273315072371
"Leipzig","6Hz","square","FC5",-74.6864341197762,28.669435963624,4.85237592958791
"Leipzig","6Hz","square","FC3",-49.0530364688705,26.081962142133,4.94141312873009
"Leipzig","6Hz","square","FC1",-25.1418887118689,25.1418887118689,5.11762914815348
"Leipzig","6Hz","square","C1",-25.556,1.56485367995049e-15,5.15132441691655
"Leipzig","6Hz","square","C3",-51.112,3.12970735990098e-15,4.9294570365414
"Leipzig","6Hz","square","C5",-76.666,4.69443857517155e-15,4.79265067947965
"Leipzig","6Hz","square","T7",-102.222,6.25929225512204e-15,12.0355628804894
"Leipzig","6Hz","square","TP7",-97.2188992087232,-31.5883351989959,5.18582477214563
"Leipzig","6Hz","square","CP5",-74.6864341197762,-28.669435963624,4.84808803157522
"Leipzig","6Hz","square","CP3",-49.0530364688705,-26.081962142133,4.91457183048132
"Leipzig","6Hz","square","CP1",-25.1418887118689,-25.1418887118689,5.08569560345188
"Leipzig","6Hz","square","P1",-20.8116439038144,-51.5106262243124,6.92900622409566
"Leipzig","6Hz","square","P3",-41.9542731897285,-51.8092126664904,7.34418219835213
"Leipzig","6Hz","square","P5",-62.8929681582845,-54.6720231218949,6.97132531396391
"Leipzig","6Hz","square","P7",-82.6993351989959,-60.0845840598412,6.33409196810336
"Leipzig","6Hz","square","P9",-103.374573507242,-75.1060239674276,6.55267244597453
"Leipzig","6Hz","square","PO7",-60.0845840598412,-82.6993351989959,6.10433407499776
"Leipzig","6Hz","square","PO3",-34.7485187168438,-74.5184388657274,7.11075204282634
"Leipzig","6Hz","square","O1",-31.5883351989959,-97.2188992087232,9.14689952326318
"Leipzig","6Hz","square","Iz",1.5648291870145e-14,-127.778,15.4851585042554
"Leipzig","6Hz","square","Oz",1.25185845102441e-14,-102.222,13.6831544672505
"Leipzig","6Hz","square","POz",9.3888771503431e-15,-76.666,7.61501513027853
"Leipzig","6Hz","square","Pz",6.25941471980195e-15,-51.112,6.8009683076219
"Leipzig","6Hz","square","CPz",3.12970735990098e-15,-25.556,5.14371584061854
"Leipzig","6Hz","square","Fpz",0,102.222,5.07719299818151
"Leipzig","6Hz","square","Fp2",31.5883351989959,97.2188992087232,5.20726637275227
"Leipzig","6Hz","square","AF8",60.0845840598412,82.6993351989959,4.90167573148881
"Leipzig","6Hz","square","AF4",34.7485187168438,74.5184388657274,4.97494270997565
"Leipzig","6Hz","square","Afz",0,76.666,5.35090682993045
"Leipzig","6Hz","square","Fz",0,51.112,5.40497694808919
"Leipzig","6Hz","square","F2",20.8116439038144,51.5106262243125,5.22593312317447
"Leipzig","6Hz","square","F4",41.9542731897285,51.8092126664904,5.01533540469929
"Leipzig","6Hz","square","F6",62.8929681582845,54.6720231218949,4.93380325853983
"Leipzig","6Hz","square","F8",82.6993351989959,60.0845840598412,4.72564528725622
"Leipzig","6Hz","square","FT8",97.2188992087232,31.5883351989959,4.89953768574496
"Leipzig","6Hz","square","FC6",74.6864341197762,28.669435963624,4.8624257862159
"Leipzig","6Hz","square","FC4",49.0530364688705,26.081962142133,5.05954877011903
"Leipzig","6Hz","square","FC2",25.1418887118689,25.1418887118689,5.13716857062208
"Leipzig","6Hz","square","FCz",0,25.556,5.17975634849233
"Leipzig","6Hz","square","Cz",0,0,4.78613515941231
"Leipzig","6Hz","square","C2",25.556,1.56485367995049e-15,4.90310944628271
"Leipzig","6Hz","square","C4",51.112,3.12970735990098e-15,5.13318744878241
"Leipzig","6Hz","square","C6",76.666,4.69443857517155e-15,4.68392004161624
"Leipzig","6Hz","square","T8",102.222,6.25929225512204e-15,11.2858416228401
"Leipzig","6Hz","square","TP8",97.2188992087232,-31.5883351989959,5.7321153848502
"Leipzig","6Hz","square","CP6",74.6864341197762,-28.669435963624,5.57834560530864
"Leipzig","6Hz","square","CP4",49.0530364688705,-26.081962142133,5.68162109730472
"Leipzig","6Hz","square","CP2",25.1418887118689,-25.1418887118689,5.43616987016273
"Leipzig","6Hz","square","P2",20.8116439038144,-51.5106262243124,7.3206813058987
"Leipzig","6Hz","square","P4",41.9542731897285,-51.8092126664904,8.48662254880451
"Leipzig","6Hz","square","P6",62.8929681582845,-54.6720231218949,9.20902364198691
"Leipzig","6Hz","square","P8",82.6993351989959,-60.0845840598412,8.39114291096125
"Leipzig","6Hz","square","P10",103.374573507242,-75.1060239674276,7.502300563836
"Leipzig","6Hz","square","PO8",60.0845840598412,-82.6993351989959,8.48954141050898
"Leipzig","6Hz","square","PO4",34.7485187168438,-74.5184388657274,8.15990978383589
"Leipzig","6Hz","square","O2",31.5883351989959,-97.2188992087232,9.69843147365584
"Leipzig","6Hz","sine","Fp1",-31.5883351989959,97.2188992087232,5.06832967236269
"Leipzig","6Hz","sine","AF7",-60.0845840598412,82.6993351989959,4.80746130160161
"Leipzig","6Hz","sine","AF3",-34.7485187168438,74.5184388657274,4.8429212444857
"Leipzig","6Hz","sine","F1",-20.8116439038144,51.5106262243125,4.99797043132788
"Leipzig","6Hz","sine","F3",-41.9542731897285,51.8092126664904,4.83525319215508
"Leipzig","6Hz","sine","F5",-62.8929681582845,54.6720231218949,4.73893235174839
"Leipzig","6Hz","sine","F7",-82.6993351989959,60.0845840598412,4.76643830820384
"Leipzig","6Hz","sine","FT7",-97.2188992087232,31.5883351989959,4.75360256127064
"Leipzig","6Hz","sine","FC5",-74.6864341197762,28.669435963624,4.77688337251989
"Leipzig","6Hz","sine","FC3",-49.0530364688705,26.081962142133,4.91684880921513
"Leipzig","6Hz","sine","FC1",-25.1418887118689,25.1418887118689,4.96861178984357
"Leipzig","6Hz","sine","C1",-25.556,1.56485367995049e-15,5.20423640095047
"Leipzig","6Hz","sine","C3",-51.112,3.12970735990098e-15,4.98373166578362
"Leipzig","6Hz","sine","C5",-76.666,4.69443857517155e-15,4.76306650304112
"Leipzig","6Hz","sine","T7",-102.222,6.25929225512204e-15,11.8372768928029
"Leipzig","6Hz","sine","TP7",-97.2188992087232,-31.5883351989959,4.71192418833922
"Leipzig","6Hz","sine","CP5",-74.6864341197762,-28.669435963624,4.6445270068937
"Leipzig","6Hz","sine","CP3",-49.0530364688705,-26.081962142133,4.94828162668394
"Leipzig","6Hz","sine","CP1",-25.1418887118689,-25.1418887118689,4.99186608308346
"Leipzig","6Hz","sine","P1",-20.8116439038144,-51.5106262243124,6.59544398619495
"Leipzig","6Hz","sine","P3",-41.9542731897285,-51.8092126664904,6.48721569457388
"Leipzig","6Hz","sine","P5",-62.8929681582845,-54.6720231218949,5.49427353356218
"Leipzig","6Hz","sine","P7",-82.6993351989959,-60.0845840598412,5.47829386597476
"Leipzig","6Hz","sine","P9",-103.374573507242,-75.1060239674276,5.55878747100739
"Leipzig","6Hz","sine","PO7",-60.0845840598412,-82.6993351989959,5.67180724754576
"Leipzig","6Hz","sine","PO3",-34.7485187168438,-74.5184388657274,6.15310866375243
"Leipzig","6Hz","sine","O1",-31.5883351989959,-97.2188992087232,8.97892928408693
"Leipzig","6Hz","sine","Iz",1.5648291870145e-14,-127.778,15.8138499294827
"Leipzig","6Hz","sine","Oz",1.25185845102441e-14,-102.222,12.7957870748399
"Leipzig","6Hz","sine","POz",9.3888771503431e-15,-76.666,6.36054897938375
"Leipzig","6Hz","sine","Pz",6.25941471980195e-15,-51.112,6.43169434772214
"Leipzig","6Hz","sine","CPz",3.12970735990098e-15,-25.556,4.98949135445266
"Leipzig","6Hz","sine","Fpz",0,102.222,5.08705838004622
"Leipzig","6Hz","sine","Fp2",31.5883351989959,97.2188992087232,5.02927289373594
"Leipzig","6Hz","sine","AF8",60.0845840598412,82.6993351989959,4.88250968517739
"Leipzig","6Hz","sine","AF4",34.7485187168438,74.5184388657274,5.0622027934975
"Leipzig","6Hz","sine","Afz",0,76.666,4.97096853880798
"Leipzig","6Hz","sine","Fz",0,51.112,5.19927160974675
"Leipzig","6Hz","sine","F2",20.8116439038144,51.5106262243125,5.08983152687419
"Leipzig","6Hz","sine","F4",41.9542731897285,51.8092126664904,4.92806909931879
"Leipzig","6Hz","sine","F6",62.8929681582845,54.6720231218949,4.74940235458736
"Leipzig","6Hz","sine","F8",82.6993351989959,60.0845840598412,4.8147702697895
"Leipzig","6Hz","sine","FT8",97.2188992087232,31.5883351989959,4.75014159821383
"Leipzig","6Hz","sine","FC6",74.6864341197762,28.669435963624,4.45194541615836
"Leipzig","6Hz","sine","FC4",49.0530364688705,26.081962142133,4.78169829847701
"Leipzig","6Hz","sine","FC2",25.1418887118689,25.1418887118689,4.96605084825886
"Leipzig","6Hz","sine","FCz",0,25.556,5.03662891448384
"Leipzig","6Hz","sine","Cz",0,0,5.21902519750349
"Leipzig","6Hz","sine","C2",25.556,1.56485367995049e-15,5.14360290317931
"Leipzig","6Hz","sine","C4",51.112,3.12970735990098e-15,4.82959709326975
"Leipzig","6Hz","sine","C6",76.666,4.69443857517155e-15,4.8065137828356
"Leipzig","6Hz","sine","T8",102.222,6.25929225512204e-15,12.3017515619498
"Leipzig","6Hz","sine","TP8",97.2188992087232,-31.5883351989959,5.08140056575042
"Leipzig","6Hz","sine","CP6",74.6864341197762,-28.669435963624,4.97695104467162
"Leipzig","6Hz","sine","CP4",49.0530364688705,-26.081962142133,5.08715794643936
"Leipzig","6Hz","sine","CP2",25.1418887118689,-25.1418887118689,5.14607698933267
"Leipzig","6Hz","sine","P2",20.8116439038144,-51.5106262243124,7.00435722437336
"Leipzig","6Hz","sine","P4",41.9542731897285,-51.8092126664904,7.16021836790465
"Leipzig","6Hz","sine","P6",62.8929681582845,-54.6720231218949,6.66511844754854
"Leipzig","6Hz","sine","P8",82.6993351989959,-60.0845840598412,6.04658697362867
"Leipzig","6Hz","sine","P10",103.374573507242,-75.1060239674276,5.8790650417394
"Leipzig","6Hz","sine","PO8",60.0845840598412,-82.6993351989959,6.91853468858536
"Leipzig","6Hz","sine","PO4",34.7485187168438,-74.5184388657274,6.95935429275419
"Leipzig","6Hz","sine","O2",31.5883351989959,-97.2188992087232,9.19524393722063
"Leipzig","8.57Hz","square","Fp1",-31.5883351989959,97.2188992087232,6.32262584878781
"Leipzig","8.57Hz","square","AF7",-60.0845840598412,82.6993351989959,6.04566768072816
"Leipzig","8.57Hz","square","AF3",-34.7485187168438,74.5184388657274,6.05850577429432
"Leipzig","8.57Hz","square","F1",-20.8116439038144,51.5106262243125,6.48126556374797
"Leipzig","8.57Hz","square","F3",-41.9542731897285,51.8092126664904,6.08004492859383
"Leipzig","8.57Hz","square","F5",-62.8929681582845,54.6720231218949,6.17360870736474
"Leipzig","8.57Hz","square","F7",-82.6993351989959,60.0845840598412,6.25586840378997
"Leipzig","8.57Hz","square","FT7",-97.2188992087232,31.5883351989959,6.17337642385337
"Leipzig","8.57Hz","square","FC5",-74.6864341197762,28.669435963624,5.96714541054572
"Leipzig","8.57Hz","square","FC3",-49.0530364688705,26.081962142133,6.35933567828643
"Leipzig","8.57Hz","square","FC1",-25.1418887118689,25.1418887118689,6.2921234881143
"Leipzig","8.57Hz","square","C1",-25.556,1.56485367995049e-15,6.38240998597183
"Leipzig","8.57Hz","square","C3",-51.112,3.12970735990098e-15,6.06113363119962
"Leipzig","8.57Hz","square","C5",-76.666,4.69443857517155e-15,6.20784092374721
"Leipzig","8.57Hz","square","T7",-102.222,6.25929225512204e-15,14.1661779596782
"Leipzig","8.57Hz","square","TP7",-97.2188992087232,-31.5883351989959,6.81154874570755
"Leipzig","8.57Hz","square","CP5",-74.6864341197762,-28.669435963624,6.3643977023533
"Leipzig","8.57Hz","square","CP3",-49.0530364688705,-26.081962142133,6.63176541524137
"Leipzig","8.57Hz","square","CP1",-25.1418887118689,-25.1418887118689,7.05762130897292
"Leipzig","8.57Hz","square","P1",-20.8116439038144,-51.5106262243124,8.91848722998285
"Leipzig","8.57Hz","square","P3",-41.9542731897285,-51.8092126664904,8.64949984106758
"Leipzig","8.57Hz","square","P5",-62.8929681582845,-54.6720231218949,9.01357029028971
"Leipzig","8.57Hz","square","P7",-82.6993351989959,-60.0845840598412,9.27357134202174
"Leipzig","8.57Hz","square","P9",-103.374573507242,-75.1060239674276,9.1007224894909
"Leipzig","8.57Hz","square","PO7",-60.0845840598412,-82.6993351989959,9.58782557783427
"Leipzig","8.57Hz","square","PO3",-34.7485187168438,-74.5184388657274,8.44839400039041
"Leipzig","8.57Hz","square","O1",-31.5883351989959,-97.2188992087232,11.1973481602476
"Leipzig","8.57Hz","square","Iz",1.5648291870145e-14,-127.778,20.8408220017696
"Leipzig","8.57Hz","square","Oz",1.25185845102441e-14,-102.222,16.7702040030076
"Leipzig","8.57Hz","square","POz",9.3888771503431e-15,-76.666,8.96019929333739
"Leipzig","8.57Hz","square","Pz",6.25941471980195e-15,-51.112,9.56856544331839
"Leipzig","8.57Hz","square","CPz",3.12970735990098e-15,-25.556,7.47718474950012
"Leipzig","8.57Hz","square","Fpz",0,102.222,6.166285079607
"Leipzig","8.57Hz","square","Fp2",31.5883351989959,97.2188992087232,6.12872195624157
"Leipzig","8.57Hz","square","AF8",60.0845840598412,82.6993351989959,6.11853266627104
"Leipzig","8.57Hz","square","AF4",34.7485187168438,74.5184388657274,6.07133458601895
"Leipzig","8.57Hz","square","Afz",0,76.666,6.03937438881637
"Leipzig","8.57Hz","square","Fz",0,51.112,6.18177359986712
"Leipzig","8.57Hz","square","F2",20.8116439038144,51.5106262243125,6.14801966796583
"Leipzig","8.57Hz","square","F4",41.9542731897285,51.8092126664904,6.11118326664576
"Leipzig","8.57Hz","square","F6",62.8929681582845,54.6720231218949,5.95306525091746
"Leipzig","8.57Hz","square","F8",82.6993351989959,60.0845840598412,6.26200976518204
"Leipzig","8.57Hz","square","FT8",97.2188992087232,31.5883351989959,6.33112862790184
"Leipzig","8.57Hz","square","FC6",74.6864341197762,28.669435963624,6.1965888033202
"Leipzig","8.57Hz","square","FC4",49.0530364688705,26.081962142133,6.21779236947296
"Leipzig","8.57Hz","square","FC2",25.1418887118689,25.1418887118689,6.46233855132553
"Leipzig","8.57Hz","square","FCz",0,25.556,6.42355135581774
"Leipzig","8.57Hz","square","Cz",0,0,6.31363648839611
"Leipzig","8.57Hz","square","C2",25.556,1.56485367995049e-15,6.49809202140485
"Leipzig","8.57Hz","square","C4",51.112,3.12970735990098e-15,6.06939534156353
"Leipzig","8.57Hz","square","C6",76.666,4.69443857517155e-15,6.49901160987841
"Leipzig","8.57Hz","square","T8",102.222,6.25929225512204e-15,16.0667520502065
"Leipzig","8.57Hz","square","TP8",97.2188992087232,-31.5883351989959,7.0613547238737
"Leipzig","8.57Hz","square","CP6",74.6864341197762,-28.669435963624,7.37810710231316
"Leipzig","8.57Hz","square","CP4",49.0530364688705,-26.081962142133,7.04602532458514
"Leipzig","8.57Hz","square","CP2",25.1418887118689,-25.1418887118689,7.20657410752018
"Leipzig","8.57Hz","square","P2",20.8116439038144,-51.5106262243124,9.6019633146096
"Leipzig","8.57Hz","square","P4",41.9542731897285,-51.8092126664904,9.44771291023986
"Leipzig","8.57Hz","square","P6",62.8929681582845,-54.6720231218949,10.9788085538978
"Leipzig","8.57Hz","square","P8",82.6993351989959,-60.0845840598412,11.2213940808692
"Leipzig","8.57Hz","square","P10",103.374573507242,-75.1060239674276,10.5563906658009
"Leipzig","8.57Hz","square","PO8",60.0845840598412,-82.6993351989959,11.4865967786966
"Leipzig","8.57Hz","square","PO4",34.7485187168438,-74.5184388657274,8.88117369087216
"Leipzig","8.57Hz","square","O2",31.5883351989959,-97.2188992087232,12.7001382970605
"Leipzig","8.57Hz","sine","Fp1",-31.5883351989959,97.2188992087232,6.03082208611294
"Leipzig","8.57Hz","sine","AF7",-60.0845840598412,82.6993351989959,5.70281846422079
"Leipzig","8.57Hz","sine","AF3",-34.7485187168438,74.5184388657274,6.09383032749797
"Leipzig","8.57Hz","sine","F1",-20.8116439038144,51.5106262243125,6.35799326407694
"Leipzig","8.57Hz","sine","F3",-41.9542731897285,51.8092126664904,6.33677227601815
"Leipzig","8.57Hz","sine","F5",-62.8929681582845,54.6720231218949,5.90290180874881
"Leipzig","8.57Hz","sine","F7",-82.6993351989959,60.0845840598412,5.95068156682943
"Leipzig","8.57Hz","sine","FT7",-97.2188992087232,31.5883351989959,5.97400248923037
"Leipzig","8.57Hz","sine","FC5",-74.6864341197762,28.669435963624,5.77475054342252
"Leipzig","8.57Hz","sine","FC3",-49.0530364688705,26.081962142133,6.43020590964071
"Leipzig","8.57Hz","sine","FC1",-25.1418887118689,25.1418887118689,6.59951565473657
"Leipzig","8.57Hz","sine","C1",-25.556,1.56485367995049e-15,6.27315378287838
"Leipzig","8.57Hz","sine","C3",-51.112,3.12970735990098e-15,5.95077480987718
"Leipzig","8.57Hz","sine","C5",-76.666,4.69443857517155e-15,5.89102621525756
"Leipzig","8.57Hz","sine","T7",-102.222,6.25929225512204e-15,11.3154370088122
"Leipzig","8.57Hz","sine","TP7",-97.2188992087232,-31.5883351989959,6.52862104102693
"Leipzig","8.57Hz","sine","CP5",-74.6864341197762,-28.669435963624,6.2127098754964
"Leipzig","8.57Hz","sine","CP3",-49.0530364688705,-26.081962142133,6.2735249971659
"Leipzig","8.57Hz","sine","CP1",-25.1418887118689,-25.1418887118689,6.73796782263785
"Leipzig","8.57Hz","sine","P1",-20.8116439038144,-51.5106262243124,7.8014518175497
"Leipzig","8.57Hz","sine","P3",-41.9542731897285,-51.8092126664904,7.22569537274742
"Leipzig","8.57Hz","sine","P5",-62.8929681582845,-54.6720231218949,7.18988575701303
"Leipzig","8.57Hz","sine","P7",-82.6993351989959,-60.0845840598412,7.39997907943469
"Leipzig","8.57Hz","sine","P9",-103.374573507242,-75.1060239674276,7.41850015947475
"Leipzig","8.57Hz","sine","PO7",-60.0845840598412,-82.6993351989959,8.08035406393789
"Leipzig","8.57Hz","sine","PO3",-34.7485187168438,-74.5184388657274,7.1272725890909
"Leipzig","8.57Hz","sine","O1",-31.5883351989959,-97.2188992087232,9.21858575394682
"Leipzig","8.57Hz","sine","Iz",1.5648291870145e-14,-127.778,13.5173602105231
"Leipzig","8.57Hz","sine","Oz",1.25185845102441e-14,-102.222,11.3048076642274
"Leipzig","8.57Hz","sine","POz",9.3888771503431e-15,-76.666,7.32832442836413
"Leipzig","8.57Hz","sine","Pz",6.25941471980195e-15,-51.112,8.12638209512667
"Leipzig","8.57Hz","sine","CPz",3.12970735990098e-15,-25.556,6.84312508813932
"Leipzig","8.57Hz","sine","Fpz",0,102.222,6.05030900185764
"Leipzig","8.57Hz","sine","Fp2",31.5883351989959,97.2188992087232,6.2614847971379
"Leipzig","8.57Hz","sine","AF8",60.0845840598412,82.6993351989959,6.10907772475054
"Leipzig","8.57Hz","sine","AF4",34.7485187168438,74.5184388657274,6.15392378982354
"Leipzig","8.57Hz","sine","Afz",0,76.666,6.26687146984009
"Leipzig","8.57Hz","sine","Fz",0,51.112,6.36825019010453
"Leipzig","8.57Hz","sine","F2",20.8116439038144,51.5106262243125,6.2064361631624
"Leipzig","8.57Hz","sine","F4",41.9542731897285,51.8092126664904,6.32101754575608
"Leipzig","8.57Hz","sine","F6",62.8929681582845,54.6720231218949,6.17336097065894
"Leipzig","8.57Hz","sine","F8",82.6993351989959,60.0845840598412,6.39952548961075
"Leipzig","8.57Hz","sine","FT8",97.2188992087232,31.5883351989959,6.00949770377225
"Leipzig","8.57Hz","sine","FC6",74.6864341197762,28.669435963624,6.05594561312286
"Leipzig","8.57Hz","sine","FC4",49.0530364688705,26.081962142133,6.07671508676689
"Leipzig","8.57Hz","sine","FC2",25.1418887118689,25.1418887118689,6.30293438973521
"Leipzig","8.57Hz","sine","FCz",0,25.556,6.58640314952563
"Leipzig","8.57Hz","sine","Cz",0,0,6.46063041514344
"Leipzig","8.57Hz","sine","C2",25.556,1.56485367995049e-15,6.23176685263331
"Leipzig","8.57Hz","sine","C4",51.112,3.12970735990098e-15,6.19452366430217
"Leipzig","8.57Hz","sine","C6",76.666,4.69443857517155e-15,6.21845836347702
"Leipzig","8.57Hz","sine","T8",102.222,6.25929225512204e-15,12.6105866275017
"Leipzig","8.57Hz","sine","TP8",97.2188992087232,-31.5883351989959,6.38328421948297
"Leipzig","8.57Hz","sine","CP6",74.6864341197762,-28.669435963624,6.43031893010146
"Leipzig","8.57Hz","sine","CP4",49.0530364688705,-26.081962142133,6.32459568268467
"Leipzig","8.57Hz","sine","CP2",25.1418887118689,-25.1418887118689,6.95812348952604
"Leipzig","8.57Hz","sine","P2",20.8116439038144,-51.5106262243124,8.38915800179056
"Leipzig","8.57Hz","sine","P4",41.9542731897285,-51.8092126664904,7.87705041036336
"Leipzig","8.57Hz","sine","P6",62.8929681582845,-54.6720231218949,7.68411547893454
"Leipzig","8.57Hz","sine","P8",82.6993351989959,-60.0845840598412,8.16194824966855
"Leipzig","8.57Hz","sine","P10",103.374573507242,-75.1060239674276,7.99029012146301
"Leipzig","8.57Hz","sine","PO8",60.0845840598412,-82.6993351989959,8.76611302609329
"Leipzig","8.57Hz","sine","PO4",34.7485187168438,-74.5184388657274,7.0724456343683
"Leipzig","8.57Hz","sine","O2",31.5883351989959,-97.2188992087232,10.0880552875319
"Leipzig","15Hz","square","Fp1",-31.5883351989959,97.2188992087232,8.24099733736241
"Leipzig","15Hz","square","AF7",-60.0845840598412,82.6993351989959,8.02891472459831
"Leipzig","15Hz","square","AF3",-34.7485187168438,74.5184388657274,8.28141899479374
"Leipzig","15Hz","square","F1",-20.8116439038144,51.5106262243125,8.26029370682643
"Leipzig","15Hz","square","F3",-41.9542731897285,51.8092126664904,8.20514415526164
"Leipzig","15Hz","square","F5",-62.8929681582845,54.6720231218949,7.78008414758478
"Leipzig","15Hz","square","F7",-82.6993351989959,60.0845840598412,8.03415313485375
"Leipzig","15Hz","square","FT7",-97.2188992087232,31.5883351989959,8.21787894917174
"Leipzig","15Hz","square","FC5",-74.6864341197762,28.669435963624,7.99853808405929
"Leipzig","15Hz","square","FC3",-49.0530364688705,26.081962142133,8.38912858304067
"Leipzig","15Hz","square","FC1",-25.1418887118689,25.1418887118689,8.22623537487511
"Leipzig","15Hz","square","C1",-25.556,1.56485367995049e-15,8.08729539443811
"Leipzig","15Hz","square","C3",-51.112,3.12970735990098e-15,7.64679240944484
"Leipzig","15Hz","square","C5",-76.666,4.69443857517155e-15,8.10036582536851
"Leipzig","15Hz","square","T7",-102.222,6.25929225512204e-15,16.1904852292055
"Leipzig","15Hz","square","TP7",-97.2188992087232,-31.5883351989959,9.28794444227264
"Leipzig","15Hz","square","CP5",-74.6864341197762,-28.669435963624,8.72065812481765
"Leipzig","15Hz","square","CP3",-49.0530364688705,-26.081962142133,8.4118690907201
"Leipzig","15Hz","square","CP1",-25.1418887118689,-25.1418887118689,8.52279552597447
"Leipzig","15Hz","square","P1",-20.8116439038144,-51.5106262243124,10.1221283674409
"Leipzig","15Hz","square","P3",-41.9542731897285,-51.8092126664904,10.9080996942274
"Leipzig","15Hz","square","P5",-62.8929681582845,-54.6720231218949,13.2363835127896
"Leipzig","15Hz","square","P7",-82.6993351989959,-60.0845840598412,13.6167229629772
"Leipzig","15Hz","square","P9",-103.374573507242,-75.1060239674276,13.7757213464135
"Leipzig","15Hz","square","PO7",-60.0845840598412,-82.6993351989959,13.9960975808773
"Leipzig","15Hz","square","PO3",-34.7485187168438,-74.5184388657274,12.5394511459841
"Leipzig","15Hz","square","O1",-31.5883351989959,-97.2188992087232,13.4260899082188
"Leipzig","15Hz","square","Iz",1.5648291870145e-14,-127.778,23.597265346279
"Leipzig","15Hz","square","Oz",1.25185845102441e-14,-102.222,20.3834570469317
"Leipzig","15Hz","square","POz",9.3888771503431e-15,-76.666,12.6969505588032
"Leipzig","15Hz","square","Pz",6.25941471980195e-15,-51.112,10.1279641711455
"Leipzig","15Hz","square","CPz",3.12970735990098e-15,-25.556,8.44105435516777
"Leipzig","15Hz","square","Fpz",0,102.222,8.43299916079282
"Leipzig","15Hz","square","Fp2",31.5883351989959,97.2188992087232,8.07808723034824
"Leipzig","15Hz","square","AF8",60.0845840598412,82.6993351989959,8.24825043670589
"Leipzig","15Hz","square","AF4",34.7485187168438,74.5184388657274,7.90496032585519
"Leipzig","15Hz","square","Afz",0,76.666,8.53289254272813
"Leipzig","15Hz","square","Fz",0,51.112,8.21914983612588
"Leipzig","15Hz","square","F2",20.8116439038144,51.5106262243125,8.37574421910668
"Leipzig","15Hz","square","F4",41.9542731897285,51.8092126664904,8.04134862524853
"Leipzig","15Hz","square","F6",62.8929681582845,54.6720231218949,7.99510750565269
"Leipzig","15Hz","square","F8",82.6993351989959,60.0845840598412,8.37487365824289
"Leipzig","15Hz","square","FT8",97.2188992087232,31.5883351989959,8.1652355000541
"Leipzig","15Hz","square","FC6",74.6864341197762,28.669435963624,7.93795112571766
"Leipzig","15Hz","square","FC4",49.0530364688705,26.081962142133,8.58921228630848
"Leipzig","15Hz","square","FC2",25.1418887118689,25.1418887118689,7.9750963228939
"Leipzig","15Hz","square","FCz",0,25.556,7.91655863274018
"Leipzig","15Hz","square","Cz",0,0,8.18101020159114
"Leipzig","15Hz","square","C2",25.556,1.56485367995049e-15,8.65868400058176
"Leipzig","15Hz","square","C4",51.112,3.12970735990098e-15,7.91119842873503
"Leipzig","15Hz","square","C6",76.666,4.69443857517155e-15,8.85845728023594
"Leipzig","15Hz","square","T8",102.222,6.25929225512204e-15,15.6687127055486
"Leipzig","15Hz","square","TP8",97.2188992087232,-31.5883351989959,9.265963260197
"Leipzig","15Hz","square","CP6",74.6864341197762,-28.669435963624,9.06737294344329
"Leipzig","15Hz","square","CP4",49.0530364688705,-26.081962142133,8.28961060447705
"Leipzig","15Hz","square","CP2",25.1418887118689,-25.1418887118689,8.34468040757512
"Leipzig","15Hz","square","P2",20.8116439038144,-51.5106262243124,10.020962774619
"Leipzig","15Hz","square","P4",41.9542731897285,-51.8092126664904,11.3148816046029
"Leipzig","15Hz","square","P6",62.8929681582845,-54.6720231218949,15.2689985221546
"Leipzig","15Hz","square","P8",82.6993351989959,-60.0845840598412,16.1956423071531
"Leipzig","15Hz","square","P10",103.374573507242,-75.1060239674276,14.6448070711089
"Leipzig","15Hz","square","PO8",60.0845840598412,-82.6993351989959,17.1879717852706
"Leipzig","15Hz","square","PO4",34.7485187168438,-74.5184388657274,13.6194001344668
"Leipzig","15Hz","square","O2",31.5883351989959,-97.2188992087232,15.462401013983
"Leipzig","15Hz","sine","Fp1",-31.5883351989959,97.2188992087232,8.04542709652329
"Leipzig","15Hz","sine","AF7",-60.0845840598412,82.6993351989959,8.08229805791967
"Leipzig","15Hz","sine","AF3",-34.7485187168438,74.5184388657274,8.33584107283999
"Leipzig","15Hz","sine","F1",-20.8116439038144,51.5106262243125,8.25315172679057
"Leipzig","15Hz","sine","F3",-41.9542731897285,51.8092126664904,8.31758469528836
"Leipzig","15Hz","sine","F5",-62.8929681582845,54.6720231218949,8.33749926539049
"Leipzig","15Hz","sine","F7",-82.6993351989959,60.0845840598412,7.83825465975352
"Leipzig","15Hz","sine","FT7",-97.2188992087232,31.5883351989959,7.68174972686973
"Leipzig","15Hz","sine","FC5",-74.6864341197762,28.669435963624,8.20713701267675
"Leipzig","15Hz","sine","FC3",-49.0530364688705,26.081962142133,8.40763016828348
"Leipzig","15Hz","sine","FC1",-25.1418887118689,25.1418887118689,7.88136310959935
"Leipzig","15Hz","sine","C1",-25.556,1.56485367995049e-15,7.89317039527841
"Leipzig","15Hz","sine","C3",-51.112,3.12970735990098e-15,7.86160456921817
"Leipzig","15Hz","sine","C5",-76.666,4.69443857517155e-15,8.15585661008706
"Leipzig","15Hz","sine","T7",-102.222,6.25929225512204e-15,14.8830085152017
"Leipzig","15Hz","sine","TP7",-97.2188992087232,-31.5883351989959,8.98813455172923
"Leipzig","15Hz","sine","CP5",-74.6864341197762,-28.669435963624,8.36103544517194
"Leipzig","15Hz","sine","CP3",-49.0530364688705,-26.081962142133,8.09620904353648
"Leipzig","15Hz","sine","CP1",-25.1418887118689,-25.1418887118689,8.39319896887582
"Leipzig","15Hz","sine","P1",-20.8116439038144,-51.5106262243124,9.16605431775737
"Leipzig","15Hz","sine","P3",-41.9542731897285,-51.8092126664904,11.0560319207583
"Leipzig","15Hz","sine","P5",-62.8929681582845,-54.6720231218949,12.4948880162454
"Leipzig","15Hz","sine","P7",-82.6993351989959,-60.0845840598412,12.6405251839001
"Leipzig","15Hz","sine","P9",-103.374573507242,-75.1060239674276,12.1136277434831
"Leipzig","15Hz","sine","PO7",-60.0845840598412,-82.6993351989959,13.5501333484353
"Leipzig","15Hz","sine","PO3",-34.7485187168438,-74.5184388657274,11.7436705775232
"Leipzig","15Hz","sine","O1",-31.5883351989959,-97.2188992087232,13.0956668869598
"Leipzig","15Hz","sine","Iz",1.5648291870145e-14,-127.778,20.9863760707031
"Leipzig","15Hz","sine","Oz",1.25185845102441e-14,-102.222,18.2211231038866
"Leipzig","15Hz","sine","POz",9.3888771503431e-15,-76.666,11.2847722466473
"Leipzig","15Hz","sine","Pz",6.25941471980195e-15,-51.112,9.1766677349791
"Leipzig","15Hz","sine","CPz",3.12970735990098e-15,-25.556,8.38956465211246
"Leipzig","15Hz","sine","Fpz",0,102.222,8.44923580271797
"Leipzig","15Hz","sine","Fp2",31.5883351989959,97.2188992087232,8.20902655665436
"Leipzig","15Hz","sine","AF8",60.0845840598412,82.6993351989959,8.06870147784737
"Leipzig","15Hz","sine","AF4",34.7485187168438,74.5184388657274,8.06529776635697
"Leipzig","15Hz","sine","Afz",0,76.666,8.38600911955744
"Leipzig","15Hz","sine","Fz",0,51.112,8.51270024857486
"Leipzig","15Hz","sine","F2",20.8116439038144,51.5106262243125,8.53940096358475
"Leipzig","15Hz","sine","F4",41.9542731897285,51.8092126664904,8.79712095629727
"Leipzig","15Hz","sine","F6",62.8929681582845,54.6720231218949,8.44065867332906
"Leipzig","15Hz","sine","F8",82.6993351989959,60.0845840598412,8.51379458273999
"Leipzig","15Hz","sine","FT8",97.2188992087232,31.5883351989959,8.31559841762836
"Leipzig","15Hz","sine","FC6",74.6864341197762,28.669435963624,8.02890159896596
"Leipzig","15Hz","sine","FC4",49.0530364688705,26.081962142133,8.39323622248507
"Leipzig","15Hz","sine","FC2",25.1418887118689,25.1418887118689,8.01209476232876
"Leipzig","15Hz","sine","FCz",0,25.556,8.01129653755234
"Leipzig","15Hz","sine","Cz",0,0,7.97181326800719
"Leipzig","15Hz","sine","C2",25.556,1.56485367995049e-15,8.16933398046126
"Leipzig","15Hz","sine","C4",51.112,3.12970735990098e-15,8.06677940726565
"Leipzig","15Hz","sine","C6",76.666,4.69443857517155e-15,8.19730406954884
"Leipzig","15Hz","sine","T8",102.222,6.25929225512204e-15,14.1916081482758
"Leipzig","15Hz","sine","TP8",97.2188992087232,-31.5883351989959,9.48202280545129
"Leipzig","15Hz","sine","CP6",74.6864341197762,-28.669435963624,8.79276941765886
"Leipzig","15Hz","sine","CP4",49.0530364688705,-26.081962142133,8.38901042176637
"Leipzig","15Hz","sine","CP2",25.1418887118689,-25.1418887118689,8.41415947067934
"Leipzig","15Hz","sine","P2",20.8116439038144,-51.5106262243124,9.29999208348978
"Leipzig","15Hz","sine","P4",41.9542731897285,-51.8092126664904,10.3668806676173
"Leipzig","15Hz","sine","P6",62.8929681582845,-54.6720231218949,14.3957135465553
"Leipzig","15Hz","sine","P8",82.6993351989959,-60.0845840598412,14.7820362520494
"Leipzig","15Hz","sine","P10",103.374573507242,-75.1060239674276,13.3778582534228
"Leipzig","15Hz","sine","PO8",60.0845840598412,-82.6993351989959,14.7024281622637
"Leipzig","15Hz","sine","PO4",34.7485187168438,-74.5184388657274,12.5492159595057
"Leipzig","15Hz","sine","O2",31.5883351989959,-97.2188992087232,13.7122486166657
